order_id,customer_id,product_name,category,quantity,unit_price,total_amount,order_date,country
536365,17850,WHITE HANGING HEART T-LIGHT HOLDER,85123A,6,2.55,15.299999999999999,2010-12-01 08:26:00,United Kingdom
536365,17850,WHITE METAL LANTERN,71053,6,3.39,20.34,2010-12-01 08:26:00,United Kingdom
536365,17850,CREAM CUPID HEARTS COAT HANGER,84406B,8,2.75,22.0,2010-12-01 08:26:00,United Kingdom
536365,17850,KNITTED UNION FLAG HOT WATER BOTTLE,84029G,6,3.39,20.34,2010-12-01 08:26:00,United Kingdom
536365,17850,RED WOOLLY HOTTIE WHITE HEART.,84029E,6,3.39,20.34,2010-12-01 08:26:00,United Kingdom
536365,17850,SET 7 BABUSHKA NESTING BOXES,22752,2,7.65,15.3,2010-12-01 08:26:00,United Kingdom
536365,17850,GLASS STAR FROSTED T-LIGHT HOLDER,21730,6,4.25,25.5,2010-12-01 08:26:00,United Kingdom
536366,17850,HAND WARMER UNION JACK,22633,6,1.85,11.100000000000001,2010-12-01 08:28:00,United Kingdom
536366,17850,HAND WARMER RED POLKA DOT,22632,6,1.85,11.100000000000001,2010-12-01 08:28:00,United Kingdom
536367,13047,ASSORTED COLOUR BIRD ORNAMENT,84879,32,1.69,54.08,2010-12-01 08:34:00,United Kingdom
536367,13047,POPPY'S PLAYHOUSE BEDROOM ,22745,6,2.1,12.600000000000001,2010-12-01 08:34:00,United Kingdom
536367,13047,POPPY'S PLAYHOUSE KITCHEN,22748,6,2.1,12.600000000000001,2010-12-01 08:34:00,United Kingdom
536367,13047,FELTCRAFT PRINCESS CHARLOTTE DOLL,22749,8,3.75,30.0,2010-12-01 08:34:00,United Kingdom
536367,13047,IVORY KNITTED MUG COSY ,22310,6,1.65,9.899999999999999,2010-12-01 08:34:00,United Kingdom
536367,13047,BOX OF 6 ASSORTED COLOUR TEASPOONS,84969,6,4.25,25.5,2010-12-01 08:34:00,United Kingdom
536367,13047,BOX OF VINTAGE JIGSAW BLOCKS ,22623,3,4.95,14.850000000000001,2010-12-01 08:34:00,United Kingdom
536367,13047,BOX OF VINTAGE ALPHABET BLOCKS,22622,2,9.95,19.9,2010-12-01 08:34:00,United Kingdom
536367,13047,HOME BUILDING BLOCK WORD,21754,3,5.95,17.85,2010-12-01 08:34:00,United Kingdom
536367,13047,LOVE BUILDING BLOCK WORD,21755,3,5.95,17.85,2010-12-01 08:34:00,United Kingdom
536367,13047,RECIPE BOX WITH METAL HEART,21777,4,7.95,31.8,2010-12-01 08:34:00,United Kingdom
536367,13047,DOORMAT NEW ENGLAND,48187,4,7.95,31.8,2010-12-01 08:34:00,United Kingdom
536368,13047,JAM MAKING SET WITH JARS,22960,6,4.25,25.5,2010-12-01 08:34:00,United Kingdom
536368,13047,RED COAT RACK PARIS FASHION,22913,3,4.95,14.850000000000001,2010-12-01 08:34:00,United Kingdom
536368,13047,YELLOW COAT RACK PARIS FASHION,22912,3,4.95,14.850000000000001,2010-12-01 08:34:00,United Kingdom
536368,13047,BLUE COAT RACK PARIS FASHION,22914,3,4.95,14.850000000000001,2010-12-01 08:34:00,United Kingdom
536369,13047,BATH BUILDING BLOCK WORD,21756,3,5.95,17.85,2010-12-01 08:35:00,United Kingdom
536370,12583,ALARM CLOCK BAKELIKE PINK,22728,24,3.75,90.0,2010-12-01 08:45:00,France
536370,12583,ALARM CLOCK BAKELIKE RED ,22727,24,3.75,90.0,2010-12-01 08:45:00,France
536370,12583,ALARM CLOCK BAKELIKE GREEN,22726,12,3.75,45.0,2010-12-01 08:45:00,France
536370,12583,PANDA AND BUNNIES STICKER SHEET,21724,12,0.85,10.2,2010-12-01 08:45:00,France
536370,12583,STARS GIFT TAPE ,21883,24,0.65,15.600000000000001,2010-12-01 08:45:00,France
536370,12583,INFLATABLE POLITICAL GLOBE ,10002,48,0.85,40.8,2010-12-01 08:45:00,France
536370,12583,VINTAGE HEADS AND TAILS CARD GAME ,21791,24,1.25,30.0,2010-12-01 08:45:00,France
536370,12583,SET/2 RED RETROSPOT TEA TOWELS ,21035,18,2.95,53.1,2010-12-01 08:45:00,France
536370,12583,ROUND SNACK BOXES SET OF4 WOODLAND ,22326,24,2.95,70.80000000000001,2010-12-01 08:45:00,France
536370,12583,SPACEBOY LUNCH BOX ,22629,24,1.95,46.8,2010-12-01 08:45:00,France
536370,12583,LUNCH BOX I LOVE LONDON,22659,24,1.95,46.8,2010-12-01 08:45:00,France
536370,12583,CIRCUS PARADE LUNCH BOX ,22631,24,1.95,46.8,2010-12-01 08:45:00,France
536370,12583,CHARLOTTE BAG DOLLY GIRL DESIGN,22661,20,0.85,17.0,2010-12-01 08:45:00,France
536370,12583,RED TOADSTOOL LED NIGHT LIGHT,21731,24,1.65,39.599999999999994,2010-12-01 08:45:00,France
536370,12583, SET 2 TEA TOWELS I LOVE LONDON ,22900,24,2.95,70.80000000000001,2010-12-01 08:45:00,France
536370,12583,VINTAGE SEASIDE JIGSAW PUZZLES,21913,12,3.75,45.0,2010-12-01 08:45:00,France
536370,12583,MINI JIGSAW CIRCUS PARADE ,22540,24,0.42,10.08,2010-12-01 08:45:00,France
536370,12583,MINI JIGSAW SPACEBOY,22544,24,0.42,10.08,2010-12-01 08:45:00,France
536370,12583,MINI PAINT SET VINTAGE ,22492,36,0.65,23.400000000000002,2010-12-01 08:45:00,France
536370,12583,POSTAGE,POST,3,18.0,54.0,2010-12-01 08:45:00,France
536371,13748,PAPER CHAIN KIT 50'S CHRISTMAS ,22086,80,2.55,204.0,2010-12-01 09:00:00,United Kingdom
536372,17850,HAND WARMER RED POLKA DOT,22632,6,1.85,11.100000000000001,2010-12-01 09:01:00,United Kingdom
536372,17850,HAND WARMER UNION JACK,22633,6,1.85,11.100000000000001,2010-12-01 09:01:00,United Kingdom
536373,17850,WHITE HANGING HEART T-LIGHT HOLDER,85123A,6,2.55,15.299999999999999,2010-12-01 09:02:00,United Kingdom
536373,17850,WHITE METAL LANTERN,71053,6,3.39,20.34,2010-12-01 09:02:00,United Kingdom
536373,17850,CREAM CUPID HEARTS COAT HANGER,84406B,8,2.75,22.0,2010-12-01 09:02:00,United Kingdom
536373,17850,EDWARDIAN PARASOL RED,20679,6,4.95,29.700000000000003,2010-12-01 09:02:00,United Kingdom
536373,17850,RETRO COFFEE MUGS ASSORTED,37370,6,1.06,6.36,2010-12-01 09:02:00,United Kingdom
536373,17850,SAVE THE PLANET MUG,21871,6,1.06,6.36,2010-12-01 09:02:00,United Kingdom
536373,17850,VINTAGE BILLBOARD DRINK ME MUG,21071,6,1.06,6.36,2010-12-01 09:02:00,United Kingdom
536373,17850,VINTAGE BILLBOARD LOVE/HATE MUG,21068,6,1.06,6.36,2010-12-01 09:02:00,United Kingdom
536373,17850,WOOD 2 DRAWER CABINET WHITE FINISH,82483,2,4.95,9.9,2010-12-01 09:02:00,United Kingdom
536373,17850,WOOD S/3 CABINET ANT WHITE FINISH,82486,4,6.95,27.8,2010-12-01 09:02:00,United Kingdom
536373,17850,WOODEN PICTURE FRAME WHITE FINISH,82482,6,2.1,12.600000000000001,2010-12-01 09:02:00,United Kingdom
536373,17850,WOODEN FRAME ANTIQUE WHITE ,82494L,6,2.55,15.299999999999999,2010-12-01 09:02:00,United Kingdom
536373,17850,KNITTED UNION FLAG HOT WATER BOTTLE,84029G,6,3.39,20.34,2010-12-01 09:02:00,United Kingdom
536373,17850,RED WOOLLY HOTTIE WHITE HEART.,84029E,6,3.39,20.34,2010-12-01 09:02:00,United Kingdom
536373,17850,SET 7 BABUSHKA NESTING BOXES,22752,2,7.65,15.3,2010-12-01 09:02:00,United Kingdom
536373,17850,GLASS STAR FROSTED T-LIGHT HOLDER,21730,6,4.25,25.5,2010-12-01 09:02:00,United Kingdom
536374,15100,VICTORIAN SEWING BOX LARGE,21258,32,10.95,350.4,2010-12-01 09:09:00,United Kingdom
536375,17850,WHITE HANGING HEART T-LIGHT HOLDER,85123A,6,2.55,15.299999999999999,2010-12-01 09:32:00,United Kingdom
536375,17850,WHITE METAL LANTERN,71053,6,3.39,20.34,2010-12-01 09:32:00,United Kingdom
536375,17850,CREAM CUPID HEARTS COAT HANGER,84406B,8,2.75,22.0,2010-12-01 09:32:00,United Kingdom
536375,17850,EDWARDIAN PARASOL RED,20679,6,4.95,29.700000000000003,2010-12-01 09:32:00,United Kingdom
536375,17850,RETRO COFFEE MUGS ASSORTED,37370,6,1.06,6.36,2010-12-01 09:32:00,United Kingdom
536375,17850,SAVE THE PLANET MUG,21871,6,1.06,6.36,2010-12-01 09:32:00,United Kingdom
536375,17850,VINTAGE BILLBOARD DRINK ME MUG,21071,6,1.06,6.36,2010-12-01 09:32:00,United Kingdom
536375,17850,VINTAGE BILLBOARD LOVE/HATE MUG,21068,6,1.06,6.36,2010-12-01 09:32:00,United Kingdom
536375,17850,WOOD 2 DRAWER CABINET WHITE FINISH,82483,2,4.95,9.9,2010-12-01 09:32:00,United Kingdom
536375,17850,WOOD S/3 CABINET ANT WHITE FINISH,82486,4,6.95,27.8,2010-12-01 09:32:00,United Kingdom
536375,17850,WOODEN PICTURE FRAME WHITE FINISH,82482,6,2.1,12.600000000000001,2010-12-01 09:32:00,United Kingdom
536375,17850,WOODEN FRAME ANTIQUE WHITE ,82494L,6,2.55,15.299999999999999,2010-12-01 09:32:00,United Kingdom
536375,17850,KNITTED UNION FLAG HOT WATER BOTTLE,84029G,6,3.39,20.34,2010-12-01 09:32:00,United Kingdom
536375,17850,RED WOOLLY HOTTIE WHITE HEART.,84029E,6,3.39,20.34,2010-12-01 09:32:00,United Kingdom
536375,17850,SET 7 BABUSHKA NESTING BOXES,22752,2,7.65,15.3,2010-12-01 09:32:00,United Kingdom
536375,17850,GLASS STAR FROSTED T-LIGHT HOLDER,21730,6,4.25,25.5,2010-12-01 09:32:00,United Kingdom
536376,15291,HOT WATER BOTTLE TEA AND SYMPATHY,22114,48,3.45,165.60000000000002,2010-12-01 09:32:00,United Kingdom
536376,15291,RED HANGING HEART T-LIGHT HOLDER,21733,64,2.55,163.2,2010-12-01 09:32:00,United Kingdom
536377,17850,HAND WARMER RED POLKA DOT,22632,6,1.85,11.100000000000001,2010-12-01 09:34:00,United Kingdom
536377,17850,HAND WARMER UNION JACK,22633,6,1.85,11.100000000000001,2010-12-01 09:34:00,United Kingdom
536378,14688,JUMBO BAG PINK POLKADOT,22386,10,1.95,19.5,2010-12-01 09:37:00,United Kingdom
536378,14688,JUMBO  BAG BAROQUE BLACK WHITE,85099C,10,1.95,19.5,2010-12-01 09:37:00,United Kingdom
536378,14688,JUMBO BAG CHARLIE AND LOLA TOYS,21033,10,2.95,29.5,2010-12-01 09:37:00,United Kingdom
536378,14688,STRAWBERRY CHARLOTTE BAG,20723,10,0.85,8.5,2010-12-01 09:37:00,United Kingdom
536378,14688,RED 3 PIECE RETROSPOT CUTLERY SET,84997B,12,3.75,45.0,2010-12-01 09:37:00,United Kingdom
536378,14688,BLUE 3 PIECE POLKADOT CUTLERY SET,84997C,6,3.75,22.5,2010-12-01 09:37:00,United Kingdom
536378,14688,SET/6 RED SPOTTY PAPER PLATES,21094,12,0.85,10.2,2010-12-01 09:37:00,United Kingdom
536378,14688,LUNCH BAG RED RETROSPOT,20725,10,1.65,16.5,2010-12-01 09:37:00,United Kingdom
536378,14688,STRAWBERRY LUNCH BOX WITH CUTLERY,21559,6,2.55,15.299999999999999,2010-12-01 09:37:00,United Kingdom
536378,14688,LUNCH BOX WITH CUTLERY RETROSPOT ,22352,6,2.55,15.299999999999999,2010-12-01 09:37:00,United Kingdom
536378,14688,PACK OF 72 RETROSPOT CAKE CASES,21212,120,0.42,50.4,2010-12-01 09:37:00,United Kingdom
536378,14688,PACK OF 60 DINOSAUR CAKE CASES,21975,24,0.55,13.200000000000001,2010-12-01 09:37:00,United Kingdom
536378,14688,PACK OF 60 PINK PAISLEY CAKE CASES,21977,24,0.55,13.200000000000001,2010-12-01 09:37:00,United Kingdom
536378,14688,60 TEATIME FAIRY CAKE CASES,84991,24,0.55,13.200000000000001,2010-12-01 09:37:00,United Kingdom
536378,14688,TOMATO CHARLIE+LOLA COASTER SET,84519A,6,2.95,17.700000000000003,2010-12-01 09:37:00,United Kingdom
536378,14688,CHARLIE & LOLA WASTEPAPER BIN FLORA,85183B,48,1.25,60.0,2010-12-01 09:37:00,United Kingdom
536378,14688,RED CHARLIE+LOLA PERSONAL DOORSIGN,85071B,96,0.38,36.480000000000004,2010-12-01 09:37:00,United Kingdom
536378,14688,JUMBO STORAGE BAG SUKI,21931,10,1.95,19.5,2010-12-01 09:37:00,United Kingdom
536378,14688,JUMBO BAG PINK VINTAGE PAISLEY,21929,10,1.95,19.5,2010-12-01 09:37:00,United Kingdom
536380,17809,JAM MAKING SET PRINTED,22961,24,1.45,34.8,2010-12-01 09:41:00,United Kingdom
536381,15311,RETROSPOT TEA SET CERAMIC 11 PC ,22139,23,4.25,97.75,2010-12-01 09:41:00,United Kingdom
536381,15311,GIRLY PINK TOOL SET,84854,5,4.95,24.75,2010-12-01 09:41:00,United Kingdom
536381,15311,JUMBO SHOPPER VINTAGE RED PAISLEY,22411,10,1.95,19.5,2010-12-01 09:41:00,United Kingdom
536381,15311,"AIRLINE LOUNGE,METAL SIGN",82567,2,2.1,4.2,2010-12-01 09:41:00,United Kingdom
536381,15311,WHITE SPOT RED CERAMIC DRAWER KNOB,21672,6,1.25,7.5,2010-12-01 09:41:00,United Kingdom
536381,15311,RED DRAWER KNOB ACRYLIC EDWARDIAN,22774,24,1.25,30.0,2010-12-01 09:41:00,United Kingdom
536381,15311,CLEAR DRAWER KNOB ACRYLIC EDWARDIAN,22771,24,1.25,30.0,2010-12-01 09:41:00,United Kingdom
536381,15311,PHOTO CLIP LINE,71270,1,1.25,1.25,2010-12-01 09:41:00,United Kingdom
536381,15311,FELT EGG COSY CHICKEN,22262,1,0.85,0.85,2010-12-01 09:41:00,United Kingdom
536381,15311,PIGGY BANK RETROSPOT ,22637,1,2.55,2.55,2010-12-01 09:41:00,United Kingdom
536381,15311,SKULL SHOULDER BAG,21934,10,1.65,16.5,2010-12-01 09:41:00,United Kingdom
536381,15311,YOU'RE CONFUSING ME METAL SIGN ,21169,3,1.69,5.07,2010-12-01 09:41:00,United Kingdom
536381,15311,COOK WITH WINE METAL SIGN ,21166,1,1.95,1.95,2010-12-01 09:41:00,United Kingdom
536381,15311,GIN + TONIC DIET METAL SIGN,21175,2,2.1,4.2,2010-12-01 09:41:00,United Kingdom
536381,15311,YELLOW BREAKFAST CUP AND SAUCER,37444A,1,2.95,2.95,2010-12-01 09:41:00,United Kingdom
536381,15311,PINK BREAKFAST CUP AND SAUCER ,37444C,1,2.95,2.95,2010-12-01 09:41:00,United Kingdom
536381,15311,PAPER CHAIN KIT 50'S CHRISTMAS ,22086,4,2.95,11.8,2010-12-01 09:41:00,United Kingdom
536381,15311,PAPER CHAIN KIT RETROSPOT,22083,1,2.95,2.95,2010-12-01 09:41:00,United Kingdom
536381,15311,SMALL HEART FLOWERS HOOK ,84971S,6,0.85,5.1,2010-12-01 09:41:00,United Kingdom
536381,15311,PHOTO CLIP LINE,71270,3,1.25,3.75,2010-12-01 09:41:00,United Kingdom
536381,15311,TEA TIME DES TEA COSY,47580,2,2.55,5.1,2010-12-01 09:41:00,United Kingdom
536381,15311,FELT EGG COSY WHITE RABBIT ,22261,1,0.85,0.85,2010-12-01 09:41:00,United Kingdom
536381,15311,ZINC WILLIE WINKIE  CANDLE STICK,84832,1,0.85,0.85,2010-12-01 09:41:00,United Kingdom
536381,15311,CERAMIC CHERRY CAKE MONEY BANK,22644,1,1.45,1.45,2010-12-01 09:41:00,United Kingdom
536381,15311,RETROSPOT LARGE MILK JUG,21533,1,4.95,4.95,2010-12-01 09:41:00,United Kingdom
536381,15311,SET OF 6 FUNKY BEAKERS,21557,2,2.95,5.9,2010-12-01 09:41:00,United Kingdom
536381,15311,EDWARDIAN PARASOL BLACK,15056BL,2,5.95,11.9,2010-12-01 09:41:00,United Kingdom
536381,15311,EDWARDIAN PARASOL NATURAL,15056N,2,5.95,11.9,2010-12-01 09:41:00,United Kingdom
536381,15311,CERAMIC STRAWBERRY CAKE MONEY BANK,22646,4,1.45,5.8,2010-12-01 09:41:00,United Kingdom
536381,15311,BLUE OWL SOFT TOY,22176,1,2.95,2.95,2010-12-01 09:41:00,United Kingdom
536381,15311,BALLOON ART MAKE YOUR OWN FLOWERS,22438,1,1.95,1.95,2010-12-01 09:41:00,United Kingdom
536381,15311,RED TOADSTOOL LED NIGHT LIGHT,21731,2,1.65,3.3,2010-12-01 09:41:00,United Kingdom
536381,15311,GLASS CLOCHE SMALL,22778,3,3.95,11.850000000000001,2010-12-01 09:41:00,United Kingdom
536381,15311,GUMBALL MONOCHROME COAT RACK,22719,36,1.06,38.160000000000004,2010-12-01 09:41:00,United Kingdom
536381,15311,DOORMAT FANCY FONT HOME SWEET HOME,21523,10,6.75,67.5,2010-12-01 09:41:00,United Kingdom
C536379,14527,Discount,D,-1,27.5,-27.5,2010-12-01 09:41:00,United Kingdom
536382,16098,INFLATABLE POLITICAL GLOBE ,10002,12,0.85,10.2,2010-12-01 09:45:00,United Kingdom
536382,16098,VINTAGE SNAKES & LADDERS,21912,8,3.75,30.0,2010-12-01 09:45:00,United Kingdom
536382,16098,CHOCOLATE CALCULATOR,21832,12,1.65,19.799999999999997,2010-12-01 09:45:00,United Kingdom
536382,16098,JUMBO SHOPPER VINTAGE RED PAISLEY,22411,10,1.95,19.5,2010-12-01 09:45:00,United Kingdom
536382,16098,RECYCLING BAG RETROSPOT ,22379,10,2.1,21.0,2010-12-01 09:45:00,United Kingdom
536382,16098,TOY TIDY PINK POLKADOT,22381,50,1.85,92.5,2010-12-01 09:45:00,United Kingdom
536382,16098,ANTIQUE GLASS DRESSING TABLE POT,22798,8,2.95,23.6,2010-12-01 09:45:00,United Kingdom
536382,16098,ALARM CLOCK BAKELIKE GREEN,22726,4,3.75,15.0,2010-12-01 09:45:00,United Kingdom
536382,16098,IVORY GIANT GARDEN THERMOMETER,22926,12,5.95,71.4,2010-12-01 09:45:00,United Kingdom
536382,16098,3 TIER CAKE TIN GREEN AND CREAM,22839,2,14.95,29.9,2010-12-01 09:45:00,United Kingdom
536382,16098,3 TIER CAKE TIN RED AND CREAM,22838,2,14.95,29.9,2010-12-01 09:45:00,United Kingdom
536382,16098,SET 3 WICKER OVAL BASKETS W LIDS,22783,4,16.95,67.8,2010-12-01 09:45:00,United Kingdom
C536383,15311,SET OF 3 COLOURED  FLYING DUCKS,35004C,-1,4.65,-4.65,2010-12-01 09:49:00,United Kingdom
536384,18074,WOOD BLACK BOARD ANT WHITE FINISH,82484,3,6.45,19.35,2010-12-01 09:53:00,United Kingdom
536384,18074,COLOUR GLASS T-LIGHT HOLDER HANGING,84755,48,0.65,31.200000000000003,2010-12-01 09:53:00,United Kingdom
536384,18074,HANGING METAL HEART LANTERN,22464,12,1.65,19.799999999999997,2010-12-01 09:53:00,United Kingdom
536384,18074,HANGING MEDINA LANTERN SMALL,21324,6,2.95,17.700000000000003,2010-12-01 09:53:00,United Kingdom
536384,18074,NATURAL SLATE HEART CHALKBOARD ,22457,12,2.95,35.400000000000006,2010-12-01 09:53:00,United Kingdom
536384,18074,HEART OF WICKER SMALL,22469,40,1.45,58.0,2010-12-01 09:53:00,United Kingdom
536384,18074,HEART OF WICKER LARGE,22470,40,2.55,102.0,2010-12-01 09:53:00,United Kingdom
536384,18074,WHITE LOVEBIRD LANTERN,22224,6,2.95,17.700000000000003,2010-12-01 09:53:00,United Kingdom
536384,18074,CLASSIC METAL BIRDCAGE PLANT HOLDER,21340,2,12.75,25.5,2010-12-01 09:53:00,United Kingdom
536384,18074,CREAM HEART CARD HOLDER,22189,4,3.95,15.8,2010-12-01 09:53:00,United Kingdom
536384,18074,ENAMEL FLOWER JUG CREAM,22427,3,5.95,17.85,2010-12-01 09:53:00,United Kingdom
536384,18074,ENAMEL FIRE BUCKET CREAM,22428,6,6.95,41.7,2010-12-01 09:53:00,United Kingdom
536384,18074,ENAMEL BREAD BIN CREAM,22424,8,10.95,87.6,2010-12-01 09:53:00,United Kingdom
536385,17420,SET 3 WICKER OVAL BASKETS W LIDS,22783,1,19.95,19.95,2010-12-01 09:56:00,United Kingdom
536385,17420,JAM MAKING SET PRINTED,22961,12,1.45,17.4,2010-12-01 09:56:00,United Kingdom
536385,17420,JAM MAKING SET WITH JARS,22960,6,4.25,25.5,2010-12-01 09:56:00,United Kingdom
536385,17420,JUMBO BAG DOLLY GIRL DESIGN,22663,10,1.95,19.5,2010-12-01 09:56:00,United Kingdom
536385,17420,TRADITIONAL CHRISTMAS RIBBONS,85049A,12,1.25,15.0,2010-12-01 09:56:00,United Kingdom
536385,17420,ORGANISER WOOD ANTIQUE WHITE ,22168,2,8.5,17.0,2010-12-01 09:56:00,United Kingdom
536385,17420,LUNCH BAG DOLLY GIRL DESIGN,22662,10,1.65,16.5,2010-12-01 09:56:00,United Kingdom
536386,16029,WHITE WIRE EGG HOLDER,84880,36,4.95,178.20000000000002,2010-12-01 09:57:00,United Kingdom
536386,16029,JUMBO  BAG BAROQUE BLACK WHITE,85099C,100,1.65,165.0,2010-12-01 09:57:00,United Kingdom
536386,16029,JUMBO BAG RED RETROSPOT,85099B,100,1.65,165.0,2010-12-01 09:57:00,United Kingdom
536387,16029,CHILLI LIGHTS,79321,192,3.82,733.4399999999999,2010-12-01 09:58:00,United Kingdom
536387,16029,LIGHT GARLAND BUTTERFILES PINK,22780,192,3.37,647.04,2010-12-01 09:58:00,United Kingdom
536387,16029,WOODEN OWLS LIGHT GARLAND ,22779,192,3.37,647.04,2010-12-01 09:58:00,United Kingdom
536387,16029,FAIRY TALE COTTAGE NIGHTLIGHT,22466,432,1.45,626.4,2010-12-01 09:58:00,United Kingdom
536387,16029,RED TOADSTOOL LED NIGHT LIGHT,21731,432,1.25,540.0,2010-12-01 09:58:00,United Kingdom
536388,16250,HOME BUILDING BLOCK WORD,21754,3,5.95,17.85,2010-12-01 09:59:00,United Kingdom
536388,16250,LOVE BUILDING BLOCK WORD,21755,3,5.95,17.85,2010-12-01 09:59:00,United Kingdom
536388,16250,DOORMAT FANCY FONT HOME SWEET HOME,21523,2,7.95,15.9,2010-12-01 09:59:00,United Kingdom
536388,16250,HOME SMALL WOOD LETTERS,21363,3,4.95,14.850000000000001,2010-12-01 09:59:00,United Kingdom
536388,16250,GINGHAM HEART  DOORSTOP RED,21411,3,4.25,12.75,2010-12-01 09:59:00,United Kingdom
536388,16250,FIVE HEART HANGING DECORATION,22318,6,2.95,17.700000000000003,2010-12-01 09:59:00,United Kingdom
536388,16250,HANGING METAL HEART LANTERN,22464,12,1.65,19.799999999999997,2010-12-01 09:59:00,United Kingdom
536388,16250,ASSORTED BOTTLE TOP  MAGNETS ,22915,12,0.42,5.04,2010-12-01 09:59:00,United Kingdom
536388,16250,FRIDGE MAGNETS US DINER ASSORTED,22922,12,0.85,10.2,2010-12-01 09:59:00,United Kingdom
536388,16250,HOMEMADE JAM SCENTED CANDLES,22969,12,1.45,17.4,2010-12-01 09:59:00,United Kingdom
536388,16250,FRIDGE MAGNETS LES ENFANTS ASSORTED,22923,12,0.85,10.2,2010-12-01 09:59:00,United Kingdom
536388,16250,ROSE CARAVAN DOORSTOP,21115,4,6.75,27.0,2010-12-01 09:59:00,United Kingdom
536388,16250,HEART OF WICKER SMALL,22469,12,1.65,19.799999999999997,2010-12-01 09:59:00,United Kingdom
536388,16250,5 HOOK HANGER MAGIC TOADSTOOL,22242,12,1.65,19.799999999999997,2010-12-01 09:59:00,United Kingdom
536389,12431,CHRISTMAS LIGHTS 10 REINDEER,22941,6,8.5,51.0,2010-12-01 10:03:00,Australia
536389,12431,VINTAGE UNION JACK CUSHION COVER,21622,8,4.95,39.6,2010-12-01 10:03:00,Australia
536389,12431,VINTAGE HEADS AND TAILS CARD GAME ,21791,12,1.25,15.0,2010-12-01 10:03:00,Australia
536389,12431,SET OF 3 COLOURED  FLYING DUCKS,35004C,6,5.45,32.7,2010-12-01 10:03:00,Australia
536389,12431,SET OF 3 GOLD FLYING DUCKS,35004G,4,6.35,25.4,2010-12-01 10:03:00,Australia
536389,12431,RED RETROSPOT UMBRELLA,85014B,6,5.95,35.7,2010-12-01 10:03:00,Australia
536389,12431,BLACK/BLUE POLKADOT UMBRELLA,85014A,3,5.95,17.85,2010-12-01 10:03:00,Australia
536389,12431,RED DINER WALL CLOCK,22193,2,8.5,17.0,2010-12-01 10:03:00,Australia
536389,12431,ALARM CLOCK BAKELIKE GREEN,22726,4,3.75,15.0,2010-12-01 10:03:00,Australia
536389,12431,ALARM CLOCK BAKELIKE RED ,22727,4,3.75,15.0,2010-12-01 10:03:00,Australia
536389,12431,BLUE DINER WALL CLOCK,22192,2,8.5,17.0,2010-12-01 10:03:00,Australia
536389,12431,IVORY DINER WALL CLOCK,22191,2,8.5,17.0,2010-12-01 10:03:00,Australia
536389,12431,LARGE HEART MEASURING SPOONS,22195,24,1.65,39.599999999999994,2010-12-01 10:03:00,Australia
536389,12431,SMALL HEART MEASURING SPOONS,22196,24,0.85,20.4,2010-12-01 10:03:00,Australia
536390,17511,CHRISTMAS LIGHTS 10 REINDEER,22941,2,8.5,17.0,2010-12-01 10:19:00,United Kingdom
536390,17511,JAM MAKING SET WITH JARS,22960,12,3.75,45.0,2010-12-01 10:19:00,United Kingdom
536390,17511,JAM MAKING SET PRINTED,22961,12,1.45,17.4,2010-12-01 10:19:00,United Kingdom
536390,17511,JAM JAR WITH PINK LID,22962,48,0.72,34.56,2010-12-01 10:19:00,United Kingdom
536390,17511,JAM JAR WITH GREEN LID,22963,48,0.72,34.56,2010-12-01 10:19:00,United Kingdom
536390,17511,ROSE COTTAGE KEEPSAKE BOX ,22968,8,8.5,68.0,2010-12-01 10:19:00,United Kingdom
536390,17511,HANGING HEART ZINC T-LIGHT HOLDER,84970S,144,0.64,92.16,2010-12-01 10:19:00,United Kingdom
536390,17511,PAPER CHAIN KIT VINTAGE CHRISTMAS,22910,40,2.55,102.0,2010-12-01 10:19:00,United Kingdom
536390,17511,DISCO BALL CHRISTMAS DECORATION,20668,288,0.1,28.8,2010-12-01 10:19:00,United Kingdom
536390,17511,WHITE HANGING HEART T-LIGHT HOLDER,85123A,64,2.55,163.2,2010-12-01 10:19:00,United Kingdom
536390,17511,SMALL POPCORN HOLDER,22197,100,0.72,72.0,2010-12-01 10:19:00,United Kingdom
536390,17511,LARGE POPCORN HOLDER ,22198,50,1.45,72.5,2010-12-01 10:19:00,United Kingdom
536390,17511,RETROSPOT LARGE MILK JUG,21533,12,4.25,51.0,2010-12-01 10:19:00,United Kingdom
536390,17511,SET/20 RED RETROSPOT PAPER NAPKINS ,21080,96,0.64,61.44,2010-12-01 10:19:00,United Kingdom
536390,17511,SET/6 RED SPOTTY PAPER PLATES,21094,96,0.64,61.44,2010-12-01 10:19:00,United Kingdom
536390,17511,SET/6 RED SPOTTY PAPER CUPS,21086,48,0.65,31.200000000000003,2010-12-01 10:19:00,United Kingdom
536390,17511,POLKADOT RAIN HAT ,21786,144,0.32,46.08,2010-12-01 10:19:00,United Kingdom
536390,17511,DELUXE SEWING KIT ,22654,40,4.95,198.0,2010-12-01 10:19:00,United Kingdom
536390,17511,RETROSPOT HEART HOT WATER BOTTLE,21485,24,4.25,102.0,2010-12-01 10:19:00,United Kingdom
536390,17511,KNITTED UNION FLAG HOT WATER BOTTLE,84029G,24,3.39,81.36,2010-12-01 10:19:00,United Kingdom
536390,17511,ENGLISH ROSE HOT WATER BOTTLE,84030E,24,3.75,90.0,2010-12-01 10:19:00,United Kingdom
536390,17511,PHOTO CUBE,22174,48,1.48,71.03999999999999,2010-12-01 10:19:00,United Kingdom
536390,17511,HOMEMADE JAM SCENTED CANDLES,22969,96,1.25,120.0,2010-12-01 10:19:00,United Kingdom
536390,17511,JUMBO BAG RED RETROSPOT,85099B,100,1.65,165.0,2010-12-01 10:19:00,United Kingdom
C536391,17548,PLASTERS IN TIN CIRCUS PARADE ,22556,-12,1.65,-19.799999999999997,2010-12-01 10:24:00,United Kingdom
C536391,17548,PACK OF 12 PINK PAISLEY TISSUES ,21984,-24,0.29,-6.959999999999999,2010-12-01 10:24:00,United Kingdom
C536391,17548,PACK OF 12 BLUE PAISLEY TISSUES ,21983,-24,0.29,-6.959999999999999,2010-12-01 10:24:00,United Kingdom
C536391,17548,PACK OF 12 RED RETROSPOT TISSUES ,21980,-24,0.29,-6.959999999999999,2010-12-01 10:24:00,United Kingdom
C536391,17548,CHICK GREY HOT WATER BOTTLE,21484,-12,3.45,-41.400000000000006,2010-12-01 10:24:00,United Kingdom
C536391,17548,PLASTERS IN TIN VINTAGE PAISLEY ,22557,-12,1.65,-19.799999999999997,2010-12-01 10:24:00,United Kingdom
C536391,17548,PLASTERS IN TIN SKULLS,22553,-24,1.65,-39.599999999999994,2010-12-01 10:24:00,United Kingdom
536392,13705,3 STRIPEY MICE FELTCRAFT,22150,6,1.95,11.7,2010-12-01 10:29:00,United Kingdom
536392,13705,SET OF 6 SOLDIER SKITTLES,22619,4,3.75,15.0,2010-12-01 10:29:00,United Kingdom
536392,13705,TRADITIONAL WOODEN SKIPPING ROPE,21891,12,1.25,15.0,2010-12-01 10:29:00,United Kingdom
536392,13705,WOODEN BOX OF DOMINOES,21889,12,1.25,15.0,2010-12-01 10:29:00,United Kingdom
536392,13705,RUSTIC  SEVENTEEN DRAWER SIDEBOARD,22827,1,165.0,165.0,2010-12-01 10:29:00,United Kingdom
536392,13705,PARTY CONES CARNIVAL ASSORTED,22127,12,1.25,15.0,2010-12-01 10:29:00,United Kingdom
536392,13705,PARTY CONES CANDY ASSORTED,22128,12,1.25,15.0,2010-12-01 10:29:00,United Kingdom
536392,13705,PICNIC BASKET WICKER SMALL,22502,4,5.95,23.8,2010-12-01 10:29:00,United Kingdom
536392,13705,ASSORTED COLOUR BIRD ORNAMENT,84879,16,1.69,27.04,2010-12-01 10:29:00,United Kingdom
536392,13705,STAR DECORATION PAINTED ZINC ,22338,24,0.65,15.600000000000001,2010-12-01 10:29:00,United Kingdom
536393,13747,RETROSPOT LAMP,22180,8,9.95,79.6,2010-12-01 10:37:00,United Kingdom
536394,13408,"FANCY FONT BIRTHDAY CARD, ",21506,24,0.42,10.08,2010-12-01 10:39:00,United Kingdom
536394,13408,HAND WARMER UNION JACK,22633,96,1.85,177.60000000000002,2010-12-01 10:39:00,United Kingdom
536394,13408,HAND WARMER SCOTTY DOG DESIGN,22866,96,1.85,177.60000000000002,2010-12-01 10:39:00,United Kingdom
536394,13408,HAND WARMER OWL DESIGN,22865,96,1.85,177.60000000000002,2010-12-01 10:39:00,United Kingdom
536394,13408,HAND WARMER RED RETROSPOT,22632,96,1.85,177.60000000000002,2010-12-01 10:39:00,United Kingdom
536394,13408,RETROSPOT HEART HOT WATER BOTTLE,21485,12,4.95,59.400000000000006,2010-12-01 10:39:00,United Kingdom
536394,13408,DOG BOWL CHASING BALL DESIGN,22349,12,3.75,45.0,2010-12-01 10:39:00,United Kingdom
536394,13408,CLOTHES PEGS RETROSPOT PACK 24 ,22558,48,1.25,60.0,2010-12-01 10:39:00,United Kingdom
536394,13408,HAND OVER THE CHOCOLATE   SIGN ,85152,12,2.1,25.200000000000003,2010-12-01 10:39:00,United Kingdom
536394,13408,WHITE HANGING HEART T-LIGHT HOLDER,85123A,32,2.55,81.6,2010-12-01 10:39:00,United Kingdom
536394,13408,TRAVEL SEWING KIT,22652,20,1.65,33.0,2010-12-01 10:39:00,United Kingdom
536395,13767,BLACK HEART CARD HOLDER,22188,8,3.95,31.6,2010-12-01 10:47:00,United Kingdom
536395,13767,ASSORTED COLOUR BIRD ORNAMENT,84879,32,1.69,54.08,2010-12-01 10:47:00,United Kingdom
536395,13767,PACK OF 60 PINK PAISLEY CAKE CASES,21977,24,0.55,13.200000000000001,2010-12-01 10:47:00,United Kingdom
536395,13767,60 TEATIME FAIRY CAKE CASES,84991,24,0.55,13.200000000000001,2010-12-01 10:47:00,United Kingdom
536395,13767,PACK OF 72 RETROSPOT CAKE CASES,21212,24,0.55,13.200000000000001,2010-12-01 10:47:00,United Kingdom
536395,13767,CHICK GREY HOT WATER BOTTLE,21484,8,3.45,27.6,2010-12-01 10:47:00,United Kingdom
536395,13767,SMALL GLASS HEART TRINKET POT,21314,8,2.1,16.8,2010-12-01 10:47:00,United Kingdom
536395,13767,ALARM CLOCK BAKELIKE IVORY,22730,4,3.75,15.0,2010-12-01 10:47:00,United Kingdom
536395,13767,ALARM CLOCK BAKELIKE RED ,22727,8,3.75,30.0,2010-12-01 10:47:00,United Kingdom
536395,13767,ALARM CLOCK BAKELIKE ORANGE,22729,8,3.75,30.0,2010-12-01 10:47:00,United Kingdom
536395,13767,ALARM CLOCK BAKELIKE GREEN,22726,8,3.75,30.0,2010-12-01 10:47:00,United Kingdom
536395,13767,HOT WATER BOTTLE TEA AND SYMPATHY,22114,8,3.95,31.6,2010-12-01 10:47:00,United Kingdom
536395,13767,HAND WARMER BIRD DESIGN,22867,48,2.1,100.80000000000001,2010-12-01 10:47:00,United Kingdom
536395,13767,HAND WARMER SCOTTY DOG DESIGN,22866,48,2.1,100.80000000000001,2010-12-01 10:47:00,United Kingdom
536396,17850,WHITE HANGING HEART T-LIGHT HOLDER,85123A,6,2.55,15.299999999999999,2010-12-01 10:51:00,United Kingdom
536396,17850,WHITE METAL LANTERN,71053,6,3.39,20.34,2010-12-01 10:51:00,United Kingdom
536396,17850,CREAM CUPID HEARTS COAT HANGER,84406B,8,2.75,22.0,2010-12-01 10:51:00,United Kingdom
536396,17850,EDWARDIAN PARASOL BLACK,15056BL,6,4.95,29.700000000000003,2010-12-01 10:51:00,United Kingdom
536396,17850,EDWARDIAN PARASOL RED,20679,6,4.95,29.700000000000003,2010-12-01 10:51:00,United Kingdom
536396,17850,RETRO COFFEE MUGS ASSORTED,37370,6,1.06,6.36,2010-12-01 10:51:00,United Kingdom
536396,17850,SAVE THE PLANET MUG,21871,6,1.06,6.36,2010-12-01 10:51:00,United Kingdom
536396,17850,VINTAGE BILLBOARD DRINK ME MUG,21071,6,1.06,6.36,2010-12-01 10:51:00,United Kingdom
536396,17850,VINTAGE BILLBOARD LOVE/HATE MUG,21068,6,1.06,6.36,2010-12-01 10:51:00,United Kingdom
536396,17850,WOOD 2 DRAWER CABINET WHITE FINISH,82483,2,4.95,9.9,2010-12-01 10:51:00,United Kingdom
536396,17850,WOOD S/3 CABINET ANT WHITE FINISH,82486,4,6.95,27.8,2010-12-01 10:51:00,United Kingdom
536396,17850,WOODEN PICTURE FRAME WHITE FINISH,82482,6,2.1,12.600000000000001,2010-12-01 10:51:00,United Kingdom
536396,17850,WOODEN FRAME ANTIQUE WHITE ,82494L,12,2.55,30.599999999999998,2010-12-01 10:51:00,United Kingdom
536396,17850,KNITTED UNION FLAG HOT WATER BOTTLE,84029G,6,3.39,20.34,2010-12-01 10:51:00,United Kingdom
536396,17850,RED WOOLLY HOTTIE WHITE HEART.,84029E,6,3.39,20.34,2010-12-01 10:51:00,United Kingdom
536396,17850,SET 7 BABUSHKA NESTING BOXES,22752,2,7.65,15.3,2010-12-01 10:51:00,United Kingdom
536396,17850,IVORY EMBROIDERED QUILT ,22803,2,35.75,71.5,2010-12-01 10:51:00,United Kingdom
536396,17850,GLASS STAR FROSTED T-LIGHT HOLDER,21730,6,4.25,25.5,2010-12-01 10:51:00,United Kingdom
536397,17924,SET OF 3 BLACK FLYING DUCKS,35004B,12,4.65,55.800000000000004,2010-12-01 10:51:00,United Kingdom
536397,17924,SET OF 3 COLOURED  FLYING DUCKS,35004C,48,4.65,223.20000000000002,2010-12-01 10:51:00,United Kingdom
536398,13448,PACK OF 12 RED RETROSPOT TISSUES ,21980,24,0.29,6.959999999999999,2010-12-01 10:52:00,United Kingdom
536398,13448,RED RETROSPOT MUG,21844,6,2.95,17.700000000000003,2010-12-01 10:52:00,United Kingdom
536398,13448,BABUSHKA LIGHTS STRING OF 10,22468,4,6.75,27.0,2010-12-01 10:52:00,United Kingdom
536398,13448,PIGGY BANK RETROSPOT ,22637,8,2.55,20.4,2010-12-01 10:52:00,United Kingdom
536398,13448,SET 7 BABUSHKA NESTING BOXES,22752,6,8.5,51.0,2010-12-01 10:52:00,United Kingdom
536398,13448,DOORMAT FAIRY CAKE,48185,2,7.95,15.9,2010-12-01 10:52:00,United Kingdom
536398,13448,HAND WARMER RED RETROSPOT,22632,12,2.1,25.200000000000003,2010-12-01 10:52:00,United Kingdom
536398,13448,HAND WARMER SCOTTY DOG DESIGN,22866,12,2.1,25.200000000000003,2010-12-01 10:52:00,United Kingdom
536398,13448,HAND WARMER OWL DESIGN,22865,12,2.1,25.200000000000003,2010-12-01 10:52:00,United Kingdom
536398,13448,STRAWBERRY CERAMIC TRINKET BOX,21232,12,1.25,15.0,2010-12-01 10:52:00,United Kingdom
536398,13448,PINK DOUGHNUT TRINKET POT ,22064,12,1.65,19.799999999999997,2010-12-01 10:52:00,United Kingdom
536398,13448,SILK PURSE BABUSHKA PINK,22449,6,3.35,20.1,2010-12-01 10:52:00,United Kingdom
536398,13448,HOT WATER BOTTLE TEA AND SYMPATHY,22114,4,3.95,15.8,2010-12-01 10:52:00,United Kingdom
536398,13448,HOT WATER BOTTLE I AM SO POORLY,22835,8,4.65,37.2,2010-12-01 10:52:00,United Kingdom
536398,13448,CHOCOLATE HOT WATER BOTTLE,22112,9,4.95,44.550000000000004,2010-12-01 10:52:00,United Kingdom
536398,13448,WHITE SKULL HOT WATER BOTTLE ,21479,4,3.75,15.0,2010-12-01 10:52:00,United Kingdom
536398,13448,SCOTTIE DOG HOT WATER BOTTLE,22111,9,4.95,44.550000000000004,2010-12-01 10:52:00,United Kingdom
536399,17850,HAND WARMER RED POLKA DOT,22632,6,1.85,11.100000000000001,2010-12-01 10:52:00,United Kingdom
536399,17850,HAND WARMER UNION JACK,22633,6,1.85,11.100000000000001,2010-12-01 10:52:00,United Kingdom
536400,13448,HOMEMADE JAM SCENTED CANDLES,22969,12,1.45,17.4,2010-12-01 10:53:00,United Kingdom
536401,15862,BIRD HOUSE HOT WATER BOTTLE,22110,1,2.55,2.55,2010-12-01 11:21:00,United Kingdom
536401,15862,BOUDOIR SQUARE TISSUE BOX,22098,1,1.25,1.25,2010-12-01 11:21:00,United Kingdom
536401,15862,SKULLS SQUARE TISSUE BOX,22100,2,1.25,2.5,2010-12-01 11:21:00,United Kingdom
536401,15862,PHOTO FRAME CORNICE,22766,1,2.95,2.95,2010-12-01 11:21:00,United Kingdom
536401,15862,SILK PURSE BABUSHKA RED,22451,1,3.35,3.35,2010-12-01 11:21:00,United Kingdom
536401,15862,PICTURE DOMINOES,22549,1,1.45,1.45,2010-12-01 11:21:00,United Kingdom
536401,15862,S/6 SEW ON CROCHET FLOWERS,84744,1,1.25,1.25,2010-12-01 11:21:00,United Kingdom
536401,15862,SCANDINAVIAN REDS RIBBONS,85049E,2,1.25,2.5,2010-12-01 11:21:00,United Kingdom
536401,15862,BALLOONS  WRITING SET ,21328,1,1.65,1.65,2010-12-01 11:21:00,United Kingdom
536401,15862,JAM MAKING SET PRINTED,22961,4,1.45,5.8,2010-12-01 11:21:00,United Kingdom
536401,15862,LAVENDER INCENSE IN TIN,17091A,1,1.25,1.25,2010-12-01 11:21:00,United Kingdom
536401,15862,TV DINNER TRAY VINTAGE PAISLEY,22473,1,4.95,4.95,2010-12-01 11:21:00,United Kingdom
536401,15862,SET OF 4 ENGLISH ROSE PLACEMATS,84509A,2,3.75,7.5,2010-12-01 11:21:00,United Kingdom
536401,15862,SET OF 4 ENGLISH ROSE COASTERS,84510A,2,1.25,2.5,2010-12-01 11:21:00,United Kingdom
536401,15862,TRIPLE PHOTO FRAME CORNICE ,22767,2,9.95,19.9,2010-12-01 11:21:00,United Kingdom
536401,15862,FAMILY PHOTO FRAME CORNICE,22768,1,9.95,9.95,2010-12-01 11:21:00,United Kingdom
536401,15862,MIRRORED DISCO BALL ,21463,1,5.95,5.95,2010-12-01 11:21:00,United Kingdom
536401,15862,DISCO BALL ROTATOR BATTERY OPERATED,21464,1,4.25,4.25,2010-12-01 11:21:00,United Kingdom
536401,15862,SILVER LOOKING MIRROR,20820,3,4.95,14.850000000000001,2010-12-01 11:21:00,United Kingdom
536401,15862,LADIES & GENTLEMEN METAL SIGN,85150,1,2.55,2.55,2010-12-01 11:21:00,United Kingdom
536401,15862,METAL SIGN HER DINNER IS SERVED ,22117,1,2.95,2.95,2010-12-01 11:21:00,United Kingdom
536401,15862,YOU'RE CONFUSING ME METAL SIGN ,21169,2,1.69,3.38,2010-12-01 11:21:00,United Kingdom
536401,15862,DOORMAT TOPIARY,48129,1,7.95,7.95,2010-12-01 11:21:00,United Kingdom
536401,15862,BATHROOM METAL SIGN,82580,1,0.55,0.55,2010-12-01 11:21:00,United Kingdom
536401,15862,KITCHEN METAL SIGN,82578,1,0.55,0.55,2010-12-01 11:21:00,United Kingdom
536401,15862,TOILET METAL SIGN,82581,2,0.55,1.1,2010-12-01 11:21:00,United Kingdom
536401,15862,METAL SIGN TAKE IT OR LEAVE IT ,22413,4,2.95,11.8,2010-12-01 11:21:00,United Kingdom
536401,15862,I'M ON HOLIDAY METAL SIGN,21907,2,2.1,4.2,2010-12-01 11:21:00,United Kingdom
536401,15862,GROW YOUR OWN BASIL IN ENAMEL MUG,22441,1,2.1,2.1,2010-12-01 11:21:00,United Kingdom
536401,15862,SET/10 PINK POLKADOT PARTY CANDLES,21122,1,1.25,1.25,2010-12-01 11:21:00,United Kingdom
536401,15862,SET 20 NAPKINS FAIRY CAKES DESIGN ,22851,1,0.85,0.85,2010-12-01 11:21:00,United Kingdom
536401,15862,60 TEATIME FAIRY CAKE CASES,84991,3,0.55,1.6500000000000001,2010-12-01 11:21:00,United Kingdom
536401,15862,SET OF 6 T-LIGHTS SNOWMEN,22810,1,2.95,2.95,2010-12-01 11:21:00,United Kingdom
536401,15862,SET OF 6 T-LIGHTS SANTA,22809,1,2.95,2.95,2010-12-01 11:21:00,United Kingdom
536401,15862,SET OF 9 HEART SHAPED BALLOONS,22435,2,1.25,2.5,2010-12-01 11:21:00,United Kingdom
536401,15862,SANDWICH BATH SPONGE,20966,3,1.25,3.75,2010-12-01 11:21:00,United Kingdom
536401,15862,APPLE BATH SPONGE,20963,1,1.25,1.25,2010-12-01 11:21:00,United Kingdom
536401,15862,STRAWBERRY BATH SPONGE ,20961,1,1.25,1.25,2010-12-01 11:21:00,United Kingdom
536401,15862,BLACK PIRATE TREASURE CHEST,22068,2,1.65,3.3,2010-12-01 11:21:00,United Kingdom
536401,15862,STAR PORTABLE TABLE LIGHT ,21743,2,2.95,5.9,2010-12-01 11:21:00,United Kingdom
536401,15862,SNOWFLAKE PORTABLE TABLE LIGHT ,21744,2,2.95,5.9,2010-12-01 11:21:00,United Kingdom
536401,15862,PINK OVAL JEWELLED MIRROR,84709B,1,5.95,5.95,2010-12-01 11:21:00,United Kingdom
536401,15862,RETROSPOT CIGAR BOX MATCHES ,21592,1,1.25,1.25,2010-12-01 11:21:00,United Kingdom
536401,15862,COSY HOUR GIANT TUBE MATCHES,21587,2,2.55,5.1,2010-12-01 11:21:00,United Kingdom
536401,15862,JAZZ HEARTS PURSE NOTEBOOK,20992,9,0.85,7.6499999999999995,2010-12-01 11:21:00,United Kingdom
536401,15862,LUNCH BAG DOLLY GIRL DESIGN,22662,1,1.65,1.65,2010-12-01 11:21:00,United Kingdom
536401,15862,WHITE HANGING HEART T-LIGHT HOLDER,85123A,4,2.95,11.8,2010-12-01 11:21:00,United Kingdom
536401,15862,CANDLEHOLDER PINK HANGING HEART,22804,3,2.95,8.850000000000001,2010-12-01 11:21:00,United Kingdom
536401,15862,WOOD 2 DRAWER CABINET WHITE FINISH,82483,1,5.95,5.95,2010-12-01 11:21:00,United Kingdom
536401,15862,ASSORTED COLOUR MINI CASES,20749,1,7.95,7.95,2010-12-01 11:21:00,United Kingdom
536401,15862,LUNCH BAG RED RETROSPOT,20725,1,1.65,1.65,2010-12-01 11:21:00,United Kingdom
536401,15862,LUNCH BAG SPACEBOY DESIGN ,22382,2,1.65,3.3,2010-12-01 11:21:00,United Kingdom
536401,15862,LUNCH BAG WOODLAND,20726,1,1.65,1.65,2010-12-01 11:21:00,United Kingdom
536401,15862,LUNCH BAG PINK POLKADOT,22384,1,1.65,1.65,2010-12-01 11:21:00,United Kingdom
536401,15862,GUMBALL COAT RACK,22467,5,2.55,12.75,2010-12-01 11:21:00,United Kingdom
536401,15862,BLUE NEW BAROQUE CANDLESTICK CANDLE,84625C,3,2.95,8.850000000000001,2010-12-01 11:21:00,United Kingdom
536401,15862,PINK NEW BAROQUECANDLESTICK CANDLE,84625A,3,2.95,8.850000000000001,2010-12-01 11:21:00,United Kingdom
536401,15862,FAIRY CAKE FLANNEL ASSORTED COLOUR,21108,9,2.55,22.95,2010-12-01 11:21:00,United Kingdom
536401,15862,BREAD BIN DINER STYLE PINK,22848,1,16.95,16.95,2010-12-01 11:21:00,United Kingdom
536401,15862,JUMBO BAG CHARLIE AND LOLA TOYS,21033,4,2.95,11.8,2010-12-01 11:21:00,United Kingdom
536401,15862,TEA TIME TABLE CLOTH,47570B,1,10.65,10.65,2010-12-01 11:21:00,United Kingdom
536401,15862,ENGLISH ROSE HOT WATER BOTTLE,84030E,1,4.25,4.25,2010-12-01 11:21:00,United Kingdom
536401,15862,ENAMEL FIRE BUCKET CREAM,22428,2,6.95,13.9,2010-12-01 11:21:00,United Kingdom
536401,15862,PICNIC BASKET WICKER SMALL,22502,2,5.95,11.9,2010-12-01 11:21:00,United Kingdom
536402,15513,PAPER CHAIN KIT 50'S CHRISTMAS ,22086,40,2.55,102.0,2010-12-01 11:22:00,United Kingdom
536402,15513,PAPER CHAIN KIT VINTAGE CHRISTMAS,22910,40,2.55,102.0,2010-12-01 11:22:00,United Kingdom
536402,15513,HOT WATER BOTTLE BABUSHKA ,22837,36,4.25,153.0,2010-12-01 11:22:00,United Kingdom
536403,12791,HAND WARMER BIRD DESIGN,22867,96,1.85,177.60000000000002,2010-12-01 11:27:00,Netherlands
536403,12791,POSTAGE,POST,1,15.0,15.0,2010-12-01 11:27:00,Netherlands
536404,16218,HEART IVORY TRELLIS SMALL,22297,24,1.25,30.0,2010-12-01 11:29:00,United Kingdom
536404,16218,CLEAR DRAWER KNOB ACRYLIC EDWARDIAN,22771,12,1.25,15.0,2010-12-01 11:29:00,United Kingdom
536404,16218,PINK DRAWER KNOB ACRYLIC EDWARDIAN,22772,12,1.25,15.0,2010-12-01 11:29:00,United Kingdom
536404,16218,GREEN DRAWER KNOB ACRYLIC EDWARDIAN,22773,12,1.25,15.0,2010-12-01 11:29:00,United Kingdom
536404,16218,BLUE DRAWER KNOB ACRYLIC EDWARDIAN,22805,12,1.25,15.0,2010-12-01 11:29:00,United Kingdom
536404,16218,HEART OF WICKER SMALL,22469,12,1.65,19.799999999999997,2010-12-01 11:29:00,United Kingdom
536404,16218,SMALL POPCORN HOLDER,22197,36,0.85,30.599999999999998,2010-12-01 11:29:00,United Kingdom
536404,16218,SET 6 FOOTBALL CELEBRATION CANDLES,21125,12,1.25,15.0,2010-12-01 11:29:00,United Kingdom
536404,16218,SET OF 6 GIRLS CELEBRATION CANDLES,21126,12,1.25,15.0,2010-12-01 11:29:00,United Kingdom
536404,16218,ROMANTIC PINKS RIBBONS ,85049C,12,1.25,15.0,2010-12-01 11:29:00,United Kingdom
536404,16218,BRIGHT BLUES RIBBONS ,85049D,12,1.25,15.0,2010-12-01 11:29:00,United Kingdom
536404,16218,SCANDINAVIAN REDS RIBBONS,85049E,12,1.25,15.0,2010-12-01 11:29:00,United Kingdom
536404,16218,CHOCOLATE BOX RIBBONS ,85049G,12,1.25,15.0,2010-12-01 11:29:00,United Kingdom
536404,16218,PARTY INVITES FOOTBALL,21061,12,0.85,10.2,2010-12-01 11:29:00,United Kingdom
536404,16218,PARTY INVITES JAZZ HEARTS,21063,12,0.85,10.2,2010-12-01 11:29:00,United Kingdom
536404,16218,PARTY INVITES SPACEMAN,21062,12,0.85,10.2,2010-12-01 11:29:00,United Kingdom
536404,16218,SET OF 3 BUTTERFLY COOKIE CUTTERS,84380,12,1.25,15.0,2010-12-01 11:29:00,United Kingdom
536404,16218,SET OF 3 HEART COOKIE CUTTERS,84378,12,1.25,15.0,2010-12-01 11:29:00,United Kingdom
536404,16218,3 PIECE SPACEBOY COOKIE CUTTER SET,22964,12,2.1,25.200000000000003,2010-12-01 11:29:00,United Kingdom
536404,16218,PACK OF 72 SKULL CAKE CASES,21213,24,0.55,13.200000000000001,2010-12-01 11:29:00,United Kingdom
536404,16218,PACK OF 60 SPACEBOY CAKE CASES,22417,24,0.55,13.200000000000001,2010-12-01 11:29:00,United Kingdom
536404,16218,PACK OF 72 RETROSPOT CAKE CASES,21212,24,0.55,13.200000000000001,2010-12-01 11:29:00,United Kingdom
536404,16218,72 SWEETHEART FAIRY CAKE CASES,84992,24,0.55,13.200000000000001,2010-12-01 11:29:00,United Kingdom
536404,16218,PACK OF 60 DINOSAUR CAKE CASES,21975,24,0.55,13.200000000000001,2010-12-01 11:29:00,United Kingdom
536404,16218,LUNCH BAG SUKI  DESIGN ,22383,10,1.65,16.5,2010-12-01 11:29:00,United Kingdom
536404,16218,LUNCH BAG CARS BLUE,20728,10,1.65,16.5,2010-12-01 11:29:00,United Kingdom
536404,16218,LUNCH BAG  BLACK SKULL.,20727,10,1.65,16.5,2010-12-01 11:29:00,United Kingdom
536404,16218,HEART IVORY TRELLIS LARGE,22296,24,1.65,39.599999999999994,2010-12-01 11:29:00,United Kingdom
536405,14045,SET/5 RED RETROSPOT LID GLASS BOWLS,20914,128,2.55,326.4,2010-12-01 11:32:00,United Kingdom
536406,17850,WHITE HANGING HEART T-LIGHT HOLDER,85123A,8,2.55,20.4,2010-12-01 11:33:00,United Kingdom
536406,17850,WHITE METAL LANTERN,71053,8,3.39,27.12,2010-12-01 11:33:00,United Kingdom
536406,17850,CREAM CUPID HEARTS COAT HANGER,84406B,8,2.75,22.0,2010-12-01 11:33:00,United Kingdom
536406,17850,EDWARDIAN PARASOL RED,20679,6,4.95,29.700000000000003,2010-12-01 11:33:00,United Kingdom
536406,17850,RETRO COFFEE MUGS ASSORTED,37370,6,1.06,6.36,2010-12-01 11:33:00,United Kingdom
536406,17850,SAVE THE PLANET MUG,21871,6,1.06,6.36,2010-12-01 11:33:00,United Kingdom
536406,17850,VINTAGE BILLBOARD DRINK ME MUG,21071,6,1.06,6.36,2010-12-01 11:33:00,United Kingdom
536406,17850,VINTAGE BILLBOARD LOVE/HATE MUG,21068,6,1.06,6.36,2010-12-01 11:33:00,United Kingdom
536406,17850,WOOD 2 DRAWER CABINET WHITE FINISH,82483,4,4.95,19.8,2010-12-01 11:33:00,United Kingdom
536406,17850,WOOD S/3 CABINET ANT WHITE FINISH,82486,4,6.95,27.8,2010-12-01 11:33:00,United Kingdom
536406,17850,WOODEN PICTURE FRAME WHITE FINISH,82482,6,2.1,12.600000000000001,2010-12-01 11:33:00,United Kingdom
536406,17850,WOODEN FRAME ANTIQUE WHITE ,82494L,6,2.55,15.299999999999999,2010-12-01 11:33:00,United Kingdom
536406,17850,KNITTED UNION FLAG HOT WATER BOTTLE,84029G,6,3.39,20.34,2010-12-01 11:33:00,United Kingdom
536406,17850,RED WOOLLY HOTTIE WHITE HEART.,84029E,6,3.39,20.34,2010-12-01 11:33:00,United Kingdom
536406,17850,SET 7 BABUSHKA NESTING BOXES,22752,2,7.65,15.3,2010-12-01 11:33:00,United Kingdom
536406,17850,IVORY EMBROIDERED QUILT ,22803,2,35.75,71.5,2010-12-01 11:33:00,United Kingdom
536406,17850,GLASS STAR FROSTED T-LIGHT HOLDER,21730,6,4.25,25.5,2010-12-01 11:33:00,United Kingdom
536407,17850,HAND WARMER RED POLKA DOT,22632,6,1.85,11.100000000000001,2010-12-01 11:34:00,United Kingdom
536407,17850,HAND WARMER UNION JACK,22633,6,1.85,11.100000000000001,2010-12-01 11:34:00,United Kingdom
536408,14307,MAGIC DRAWING SLATE DINOSAUR,22537,24,0.42,10.08,2010-12-01 11:41:00,United Kingdom
536408,14307,MAGIC DRAWING SLATE BAKE A CAKE ,22533,24,0.42,10.08,2010-12-01 11:41:00,United Kingdom
536408,14307,12 PENCILS TALL TUBE SKULLS,20982,12,0.85,10.2,2010-12-01 11:41:00,United Kingdom
536408,14307,CHOCOLATE CALCULATOR,21832,12,1.65,19.799999999999997,2010-12-01 11:41:00,United Kingdom
536408,14307,RED  HARMONICA IN BOX ,21915,12,1.25,15.0,2010-12-01 11:41:00,United Kingdom
536408,14307,BLUE HARMONICA IN BOX ,21914,12,1.25,15.0,2010-12-01 11:41:00,United Kingdom
536408,14307,SKULLS  WATER TRANSFER TATTOOS ,21544,12,0.85,10.2,2010-12-01 11:41:00,United Kingdom
536408,14307,PACK 3 BOXES BIRD PANNETONE ,22813,12,1.95,23.4,2010-12-01 11:41:00,United Kingdom
536408,14307,HOT WATER BOTTLE TEA AND SYMPATHY,22114,4,3.95,15.8,2010-12-01 11:41:00,United Kingdom
536408,14307,RED WOOLLY HOTTIE WHITE HEART.,84029E,4,3.75,15.0,2010-12-01 11:41:00,United Kingdom
536408,14307,WHITE SKULL HOT WATER BOTTLE ,21479,4,3.75,15.0,2010-12-01 11:41:00,United Kingdom
536408,14307,3 PIECE SPACEBOY COOKIE CUTTER SET,22964,6,2.1,12.600000000000001,2010-12-01 11:41:00,United Kingdom
536408,14307,SET OF 20 KIDS COOKIE CUTTERS,84375,12,2.1,25.200000000000003,2010-12-01 11:41:00,United Kingdom
536408,14307,10 COLOUR SPACEBOY PEN,22418,24,0.85,20.4,2010-12-01 11:41:00,United Kingdom
536408,14307,VICTORIAN GLASS HANGING T-LIGHT,22178,12,1.25,15.0,2010-12-01 11:41:00,United Kingdom
536408,14307,SINGLE HEART ZINC T-LIGHT HOLDER,84970L,12,0.95,11.399999999999999,2010-12-01 11:41:00,United Kingdom
536408,14307,RED HANGING HEART T-LIGHT HOLDER,21733,6,2.95,17.700000000000003,2010-12-01 11:41:00,United Kingdom
536408,14307,HANGING METAL STAR LANTERN,22465,12,1.65,19.799999999999997,2010-12-01 11:41:00,United Kingdom
536408,14307,SILVER HANGING T-LIGHT HOLDER,84949,6,1.65,9.899999999999999,2010-12-01 11:41:00,United Kingdom
536408,14307,DOORMAT RED RETROSPOT,20685,2,7.95,15.9,2010-12-01 11:41:00,United Kingdom
536408,14307,DOORMAT HEARTS,48194,2,7.95,15.9,2010-12-01 11:41:00,United Kingdom
536408,14307,NATURAL SLATE RECTANGLE CHALKBOARD,22488,12,1.65,19.799999999999997,2010-12-01 11:41:00,United Kingdom
536408,14307,LOVEBIRD HANGING DECORATION WHITE ,22219,12,0.85,10.2,2010-12-01 11:41:00,United Kingdom
536408,14307,ASSORTED COLOUR BIRD ORNAMENT,84879,8,1.69,13.52,2010-12-01 11:41:00,United Kingdom
536408,14307,HOME BUILDING BLOCK WORD,21754,3,5.95,17.85,2010-12-01 11:41:00,United Kingdom
536408,14307,LOVE BUILDING BLOCK WORD,21755,3,5.95,17.85,2010-12-01 11:41:00,United Kingdom
536408,14307,PHOTO FRAME CORNICE,22766,8,2.95,23.6,2010-12-01 11:41:00,United Kingdom
536408,14307,PENS ASSORTED FUNNY FACE,22610,36,0.85,30.599999999999998,2010-12-01 11:41:00,United Kingdom
536408,14307,CARD CIRCUS PARADE,22716,12,0.42,5.04,2010-12-01 11:41:00,United Kingdom
536408,14307,WRAP COWBOYS  ,22706,25,0.42,10.5,2010-12-01 11:41:00,United Kingdom
536408,14307,AIRLINE BAG VINTAGE TOKYO 78,22371,4,4.25,17.0,2010-12-01 11:41:00,United Kingdom
536408,14307,RED RETROSPOT UMBRELLA,85014B,3,5.95,17.85,2010-12-01 11:41:00,United Kingdom
536408,14307,BLACK/BLUE POLKADOT UMBRELLA,85014A,3,5.95,17.85,2010-12-01 11:41:00,United Kingdom
536408,14307,RED 3 PIECE RETROSPOT CUTLERY SET,84997B,6,3.75,22.5,2010-12-01 11:41:00,United Kingdom
536408,14307,PACK OF 72 RETROSPOT CAKE CASES,21212,24,0.55,13.200000000000001,2010-12-01 11:41:00,United Kingdom
536408,14307,SET OF 72 RETROSPOT PAPER  DOILIES,21210,12,1.45,17.4,2010-12-01 11:41:00,United Kingdom
536408,14307,BLUE COAT RACK PARIS FASHION,22914,3,4.95,14.850000000000001,2010-12-01 11:41:00,United Kingdom
536408,14307,PLASTERS IN TIN SKULLS,22553,12,1.65,19.799999999999997,2010-12-01 11:41:00,United Kingdom
536408,14307,SLEEPING CAT ERASERS,16237,30,0.21,6.3,2010-12-01 11:41:00,United Kingdom
536408,14307,CARD BIRTHDAY COWBOY,22714,12,0.42,5.04,2010-12-01 11:41:00,United Kingdom
536408,14307,PACK 3 BOXES CHRISTMAS PANNETONE,22812,12,1.95,23.4,2010-12-01 11:41:00,United Kingdom
536408,14307,ROTATING SILVER ANGELS T-LIGHT HLDR,84347,6,2.55,15.299999999999999,2010-12-01 11:41:00,United Kingdom
536408,14307,COSY HOUR GIANT TUBE MATCHES,21587,12,2.55,30.599999999999998,2010-12-01 11:41:00,United Kingdom
536408,14307,RIBBON REEL MAKING SNOWMEN ,22736,10,1.65,16.5,2010-12-01 11:41:00,United Kingdom
536408,14307,MINI PAINT SET VINTAGE ,22492,36,0.65,23.400000000000002,2010-12-01 11:41:00,United Kingdom
536408,14307,4 TRADITIONAL SPINNING TOPS,22620,12,1.25,15.0,2010-12-01 11:41:00,United Kingdom
536408,14307,SET OF 6 SOLDIER SKITTLES,22619,4,3.75,15.0,2010-12-01 11:41:00,United Kingdom
536408,14307,BAG 500g SWIRLY MARBLES,21705,12,1.65,19.799999999999997,2010-12-01 11:41:00,United Kingdom
536409,17908,5 STRAND GLASS NECKLACE CRYSTAL,90199C,3,6.35,19.049999999999997,2010-12-01 11:45:00,United Kingdom
536409,17908,WHITE SKULL HOT WATER BOTTLE ,21479,1,3.75,3.75,2010-12-01 11:45:00,United Kingdom
536409,17908,SCOTTIE DOG HOT WATER BOTTLE,22111,1,4.95,4.95,2010-12-01 11:45:00,United Kingdom
536409,17908,SQUARECUSHION COVER PINK UNION FLAG,22785,1,6.75,6.75,2010-12-01 11:45:00,United Kingdom
536409,17908,SPACEBOY CHILDRENS EGG CUP,22975,1,1.25,1.25,2010-12-01 11:45:00,United Kingdom
536409,17908,CHILDREN'S SPACEBOY MUG,22972,1,1.65,1.65,2010-12-01 11:45:00,United Kingdom
536409,17908,HAND WARMER SCOTTY DOG DESIGN,22866,1,2.1,2.1,2010-12-01 11:45:00,United Kingdom
536409,17908,FELTCRAFT CUSHION OWL,22568,1,3.75,3.75,2010-12-01 11:45:00,United Kingdom
536409,17908,BLACK CANDELABRA T-LIGHT HOLDER,85116,1,2.1,2.1,2010-12-01 11:45:00,United Kingdom
536409,17908,TOY TIDY DOLLY GIRL DESIGN,22664,1,2.1,2.1,2010-12-01 11:45:00,United Kingdom
536409,17908,SET 12 LAVENDER  BOTANICAL T-LIGHTS,21609,1,2.95,2.95,2010-12-01 11:45:00,United Kingdom
536409,17908,UNION JACK FLAG LUGGAGE TAG,21866,1,1.25,1.25,2010-12-01 11:45:00,United Kingdom
536409,17908,RED HEART LUGGAGE TAG,20669,1,1.25,1.25,2010-12-01 11:45:00,United Kingdom
536409,17908,RED GLASS TASSLE BAG CHARM,90129F,1,2.95,2.95,2010-12-01 11:45:00,United Kingdom
536409,17908,CLEAR ACRYLIC FACETED BANGLE,90210B,1,2.95,2.95,2010-12-01 11:45:00,United Kingdom
536409,17908,5 STRAND GLASS NECKLACE CRYSTAL,90199C,1,6.35,6.35,2010-12-01 11:45:00,United Kingdom
536409,17908,DOORMAT UNION JACK GUNS AND ROSES,21955,1,7.95,7.95,2010-12-01 11:45:00,United Kingdom
536409,17908,VANILLA SCENT CANDLE JEWELLED BOX,72802C,1,4.25,4.25,2010-12-01 11:45:00,United Kingdom
536409,17908,FULL ENGLISH BREAKFAST PLATE,22109,1,3.75,3.75,2010-12-01 11:45:00,United Kingdom
536409,17908,BLACK CANDELABRA T-LIGHT HOLDER,85116,5,2.1,10.5,2010-12-01 11:45:00,United Kingdom
536409,17908,MAGIC DRAWING SLATE CIRCUS PARADE  ,22531,1,0.42,0.42,2010-12-01 11:45:00,United Kingdom
536409,17908,CHRISTMAS HANGING HEART WITH BELL,21811,1,1.25,1.25,2010-12-01 11:45:00,United Kingdom
536409,17908,CAKE STAND VICTORIAN FILIGREE MED,22183,1,6.75,6.75,2010-12-01 11:45:00,United Kingdom
536409,17908,PAISLEY PATTERN  STICKERS,21678,6,0.85,5.1,2010-12-01 11:45:00,United Kingdom
536409,17908,FLOWERS  STICKERS,21676,6,0.85,5.1,2010-12-01 11:45:00,United Kingdom
536409,17908,PINK NEW BAROQUECANDLESTICK CANDLE,84625A,1,2.95,2.95,2010-12-01 11:45:00,United Kingdom
536409,17908,BLUE NEW BAROQUE CANDLESTICK CANDLE,84625C,3,2.95,8.850000000000001,2010-12-01 11:45:00,United Kingdom
536409,17908,JUMBO STORAGE BAG SUKI,21931,2,1.95,3.9,2010-12-01 11:45:00,United Kingdom
536409,17908,BLACK LOVE BIRD CANDLE,85169B,12,1.25,15.0,2010-12-01 11:45:00,United Kingdom
536409,17908,PARTY TIME PENCIL ERASERS,16238,28,0.21,5.88,2010-12-01 11:45:00,United Kingdom
536409,17908,DISCO BALL CHRISTMAS DECORATION,20668,24,0.12,2.88,2010-12-01 11:45:00,United Kingdom
536409,17908,PINK B'FLY C/COVER W BOBBLES,84906,1,5.95,5.95,2010-12-01 11:45:00,United Kingdom
536409,17908,PINK UNION JACK  LUGGAGE TAG,21867,1,1.25,1.25,2010-12-01 11:45:00,United Kingdom
536409,17908,6 RIBBONS ELEGANT CHRISTMAS ,22075,1,1.65,1.65,2010-12-01 11:45:00,United Kingdom
536409,17908,UNION JACK FLAG LUGGAGE TAG,21866,1,1.25,1.25,2010-12-01 11:45:00,United Kingdom
536409,17908,AGED GLASS SILVER T-LIGHT HOLDER,21326,12,0.65,7.800000000000001,2010-12-01 11:45:00,United Kingdom
536409,17908,BOOM BOX SPEAKER GIRLS,21065,1,5.95,5.95,2010-12-01 11:45:00,United Kingdom
536409,17908,6 RIBBONS SHIMMERING PINKS ,22074,1,1.65,1.65,2010-12-01 11:45:00,United Kingdom
536409,17908, SET 2 TEA TOWELS I LOVE LONDON ,22900,1,2.95,2.95,2010-12-01 11:45:00,United Kingdom
536409,17908,JUMBO BAG OWLS,20713,1,1.95,1.95,2010-12-01 11:45:00,United Kingdom
536409,17908,SANDWICH BATH SPONGE,20966,2,1.25,2.5,2010-12-01 11:45:00,United Kingdom
536409,17908,OWL DOORSTOP,21116,1,4.95,4.95,2010-12-01 11:45:00,United Kingdom
536409,17908,5 STRAND GLASS NECKLACE CRYSTAL,90199C,2,6.35,12.7,2010-12-01 11:45:00,United Kingdom
536409,17908,HAND WARMER UNION JACK,22633,1,2.1,2.1,2010-12-01 11:45:00,United Kingdom
536409,17908,HAND WARMER SCOTTY DOG DESIGN,22866,1,2.1,2.1,2010-12-01 11:45:00,United Kingdom
536409,17908,LARGE POPCORN HOLDER ,22198,1,1.65,1.65,2010-12-01 11:45:00,United Kingdom
536409,17908,PAINTED METAL STAR WITH HOLLY BELLS,21824,3,1.45,4.35,2010-12-01 11:45:00,United Kingdom
536409,17908,PAINTED METAL HEART WITH HOLLY BELL,21823,3,1.45,4.35,2010-12-01 11:45:00,United Kingdom
536409,17908,ANGEL DECORATION STARS ON DRESS,22153,6,0.42,2.52,2010-12-01 11:45:00,United Kingdom
536409,17908,SMALL POPCORN HOLDER,22197,2,0.85,1.7,2010-12-01 11:45:00,United Kingdom
536409,17908,JUMBO BAG RED RETROSPOT,85099B,2,1.95,3.9,2010-12-01 11:45:00,United Kingdom
536409,17908,JUMBO BAG STRAWBERRY,85099F,1,1.95,1.95,2010-12-01 11:45:00,United Kingdom
536409,17908,STRAWBERRY SHOPPER BAG,20717,1,1.25,1.25,2010-12-01 11:45:00,United Kingdom
536409,17908,STRAWBERRY CHARLOTTE BAG,20723,1,0.85,0.85,2010-12-01 11:45:00,United Kingdom
536409,17908, SET 2 TEA TOWELS I LOVE LONDON ,22900,1,2.95,2.95,2010-12-01 11:45:00,United Kingdom
536409,17908,PACK OF 12 RED RETROSPOT TISSUES ,21980,12,0.29,3.4799999999999995,2010-12-01 11:45:00,United Kingdom
536409,17908,SCOTTIE DOG HOT WATER BOTTLE,22111,1,4.95,4.95,2010-12-01 11:45:00,United Kingdom
536409,17908,CHOCOLATE HOT WATER BOTTLE,22112,1,4.95,4.95,2010-12-01 11:45:00,United Kingdom
536412,17920,LUNCH BAG CARS BLUE,20728,3,1.65,4.949999999999999,2010-12-01 11:49:00,United Kingdom
536412,17920,LUNCH BAG SPACEBOY DESIGN ,22382,3,1.65,4.949999999999999,2010-12-01 11:49:00,United Kingdom
536412,17920,ROUND SNACK BOXES SET OF4 WOODLAND ,22326,1,2.95,2.95,2010-12-01 11:49:00,United Kingdom
536412,17920,LUNCH BAG DOLLY GIRL DESIGN,22662,4,1.65,6.6,2010-12-01 11:49:00,United Kingdom
536412,17920,LUNCH BAG SUKI  DESIGN ,22383,3,1.65,4.949999999999999,2010-12-01 11:49:00,United Kingdom
536412,17920,LUNCH BAG  BLACK SKULL.,20727,3,1.65,4.949999999999999,2010-12-01 11:49:00,United Kingdom
536412,17920,ROUND SNACK BOXES SET OF 4 FRUITS ,22328,1,2.95,2.95,2010-12-01 11:49:00,United Kingdom
536412,17920,ROUND SNACK BOXES SET OF 4 SKULLS,22327,1,2.95,2.95,2010-12-01 11:49:00,United Kingdom
536412,17920,DOLLY GIRL LUNCH BOX,22630,1,1.95,1.95,2010-12-01 11:49:00,United Kingdom
536412,17920,SPACEBOY LUNCH BOX ,22629,1,1.95,1.95,2010-12-01 11:49:00,United Kingdom
536412,17920,GREEN POLKADOT PLATE ,21245,1,1.69,1.69,2010-12-01 11:49:00,United Kingdom
536412,17920,BLUE POLKADOT PLATE ,21244,1,1.69,1.69,2010-12-01 11:49:00,United Kingdom
536412,17920,RED RETROSPOT PLATE ,21242,1,1.69,1.69,2010-12-01 11:49:00,United Kingdom
536412,17920,PINK  POLKADOT PLATE ,21243,1,1.69,1.69,2010-12-01 11:49:00,United Kingdom
536412,17920,ROUND SNACK BOXES SET OF 4 SKULLS,22327,1,2.95,2.95,2010-12-01 11:49:00,United Kingdom
536412,17920,FELTCRAFT DOLL MOLLY,22273,1,2.95,2.95,2010-12-01 11:49:00,United Kingdom
536412,17920,FELTCRAFT CHRISTMAS FAIRY,22940,3,4.25,12.75,2010-12-01 11:49:00,United Kingdom
536412,17920,TRAVEL SEWING KIT,22652,5,1.65,8.25,2010-12-01 11:49:00,United Kingdom
536412,17920,SET OF 3 NOTEBOOKS IN PARCEL,22759,1,1.65,1.65,2010-12-01 11:49:00,United Kingdom
536412,17920,RED RETROSPOT TAPE,21880,10,0.65,6.5,2010-12-01 11:49:00,United Kingdom
536412,17920,COSY SLIPPER SHOES SMALL  RED ,21738,1,2.95,2.95,2010-12-01 11:49:00,United Kingdom
536412,17920,6 RIBBONS RUSTIC CHARM,22077,1,1.65,1.65,2010-12-01 11:49:00,United Kingdom
536412,17920,SCANDINAVIAN REDS RIBBONS,85049E,3,1.25,3.75,2010-12-01 11:49:00,United Kingdom
536412,17920,JAM MAKING SET PRINTED,22961,24,1.45,34.8,2010-12-01 11:49:00,United Kingdom
536412,17920,12 DAISY PEGS IN WOOD BOX,21448,2,1.65,3.3,2010-12-01 11:49:00,United Kingdom
536412,17920,HOT WATER BOTTLE BABUSHKA ,22837,3,4.65,13.950000000000001,2010-12-01 11:49:00,United Kingdom
536412,17920,FELTCRAFT PRINCESS CHARLOTTE DOLL,22749,2,3.75,7.5,2010-12-01 11:49:00,United Kingdom
536412,17920,FELTCRAFT CHRISTMAS FAIRY,22940,1,4.25,4.25,2010-12-01 11:49:00,United Kingdom
536412,17920,FELTCRAFT PRINCESS CHARLOTTE DOLL,22749,1,3.75,3.75,2010-12-01 11:49:00,United Kingdom
536412,17920,6 RIBBONS RUSTIC CHARM,22077,2,1.65,3.3,2010-12-01 11:49:00,United Kingdom
536412,17920,COSY SLIPPER SHOES SMALL  RED ,21738,2,2.95,5.9,2010-12-01 11:49:00,United Kingdom
536412,17920,SCANDINAVIAN REDS RIBBONS,85049E,1,1.25,1.25,2010-12-01 11:49:00,United Kingdom
536412,17920,5 HOOK HANGER RED MAGIC TOADSTOOL,22243,6,1.65,9.899999999999999,2010-12-01 11:49:00,United Kingdom
536412,17920,CHRISTMAS CRAFT TREE TOP ANGEL,22141,1,2.1,2.1,2010-12-01 11:49:00,United Kingdom
536412,17920,CHRISTMAS CRAFT LITTLE FRIENDS,22144,2,2.1,4.2,2010-12-01 11:49:00,United Kingdom
536412,17920,5 HOOK HANGER RED MAGIC TOADSTOOL,22243,3,1.65,4.949999999999999,2010-12-01 11:49:00,United Kingdom
536412,17920,6 RIBBONS RUSTIC CHARM,22077,7,1.65,11.549999999999999,2010-12-01 11:49:00,United Kingdom
536412,17920,12 DAISY PEGS IN WOOD BOX,21448,1,1.65,1.65,2010-12-01 11:49:00,United Kingdom
536412,17920,SET OF 3 NOTEBOOKS IN PARCEL,22759,5,1.65,8.25,2010-12-01 11:49:00,United Kingdom
536412,17920,5 HOOK HANGER MAGIC TOADSTOOL,22242,5,1.65,8.25,2010-12-01 11:49:00,United Kingdom
536412,17920,SCANDINAVIAN REDS RIBBONS,85049E,12,1.25,15.0,2010-12-01 11:49:00,United Kingdom
536412,17920,RED TOADSTOOL LED NIGHT LIGHT,21731,5,1.65,8.25,2010-12-01 11:49:00,United Kingdom
536412,17920,5 HOOK HANGER RED MAGIC TOADSTOOL,22243,1,1.65,1.65,2010-12-01 11:49:00,United Kingdom
536412,17920,COSY SLIPPER SHOES SMALL GREEN,21739,2,2.95,5.9,2010-12-01 11:49:00,United Kingdom
536412,17920,COSY SLIPPER SHOES SMALL  RED ,21738,5,2.95,14.75,2010-12-01 11:49:00,United Kingdom
536412,17920,FELTCRAFT DOLL ROSIE,22271,2,2.95,5.9,2010-12-01 11:49:00,United Kingdom
536412,17920,FELTCRAFT DOLL MOLLY,22273,1,2.95,2.95,2010-12-01 11:49:00,United Kingdom
536412,17920,FELTCRAFT DOLL EMILY,22274,2,2.95,5.9,2010-12-01 11:49:00,United Kingdom
536412,17920,FELTCRAFT PRINCESS CHARLOTTE DOLL,22749,1,3.75,3.75,2010-12-01 11:49:00,United Kingdom
536412,17920,FELTCRAFT PRINCESS OLIVIA DOLL,22751,2,3.75,7.5,2010-12-01 11:49:00,United Kingdom
536412,17920,REX CASH+CARRY JUMBO SHOPPER,21034,1,0.95,0.95,2010-12-01 11:49:00,United Kingdom
536412,17920,FELTCRAFT DOLL MOLLY,22273,2,2.95,5.9,2010-12-01 11:49:00,United Kingdom
536412,17920,FELTCRAFT CUSHION OWL,22568,3,3.75,11.25,2010-12-01 11:49:00,United Kingdom
536412,17920,CHRISTMAS CRAFT TREE TOP ANGEL,22141,1,2.1,2.1,2010-12-01 11:49:00,United Kingdom
536412,17920,CHRISTMAS CRAFT LITTLE FRIENDS,22144,1,2.1,2.1,2010-12-01 11:49:00,United Kingdom
536412,17920,FELTCRAFT CUSHION RABBIT,22570,3,3.75,11.25,2010-12-01 11:49:00,United Kingdom
536412,17920,FELTCRAFT CUSHION BUTTERFLY,22569,2,3.75,7.5,2010-12-01 11:49:00,United Kingdom
536412,17920,12 DAISY PEGS IN WOOD BOX,21448,1,1.65,1.65,2010-12-01 11:49:00,United Kingdom
536412,17920,PAPER CHAIN KIT 50'S CHRISTMAS ,22086,1,2.95,2.95,2010-12-01 11:49:00,United Kingdom
536412,17920,FELTCRAFT CUSHION BUTTERFLY,22569,2,3.75,7.5,2010-12-01 11:49:00,United Kingdom
536412,17920,12 DAISY PEGS IN WOOD BOX,21448,2,1.65,3.3,2010-12-01 11:49:00,United Kingdom
536412,17920,ROSE COTTAGE KEEPSAKE BOX ,22968,4,9.95,39.8,2010-12-01 11:49:00,United Kingdom
536412,17920,TOTE BAG I LOVE LONDON,22902,7,2.1,14.700000000000001,2010-12-01 11:49:00,United Kingdom
536412,17920,12 DAISY PEGS IN WOOD BOX,21448,2,1.65,3.3,2010-12-01 11:49:00,United Kingdom
536412,17920,TOTE BAG I LOVE LONDON,22902,7,2.1,14.700000000000001,2010-12-01 11:49:00,United Kingdom
536412,17920,FOLDING UMBRELLA PINKWHITE POLKADOT,21710,1,4.95,4.95,2010-12-01 11:49:00,United Kingdom
536412,17920,FOLDING UMBRELLA CREAM POLKADOT,21708,1,4.95,4.95,2010-12-01 11:49:00,United Kingdom
536412,17920,FOLDING UMBRELLA WHITE/RED POLKADOT,21711,1,4.95,4.95,2010-12-01 11:49:00,United Kingdom
536412,17920,SET 10 LIGHTS NIGHT OWL,22179,2,6.75,13.5,2010-12-01 11:49:00,United Kingdom
536412,17920,SMALL POPCORN HOLDER,22197,5,0.85,4.25,2010-12-01 11:49:00,United Kingdom
536412,17920, SET 2 TEA TOWELS I LOVE LONDON ,22900,2,2.95,5.9,2010-12-01 11:49:00,United Kingdom
536412,17920,FOLDING UMBRELLA RED/WHITE POLKADOT,21706,1,4.95,4.95,2010-12-01 11:49:00,United Kingdom
536412,17920,BABUSHKA LIGHTS STRING OF 10,22468,2,6.75,13.5,2010-12-01 11:49:00,United Kingdom
536412,17920,LUNCH BAG RED RETROSPOT,20725,1,1.65,1.65,2010-12-01 11:49:00,United Kingdom
536412,17920,S/4 VALENTINE DECOUPAGE HEART BOX,85184C,1,2.95,2.95,2010-12-01 11:49:00,United Kingdom
536412,17920,FOLDING UMBRELLA CREAM POLKADOT,21708,1,4.95,4.95,2010-12-01 11:49:00,United Kingdom
536412,17920, SET 2 TEA TOWELS I LOVE LONDON ,22900,2,2.95,5.9,2010-12-01 11:49:00,United Kingdom
536412,17920,FOLDING UMBRELLA RED/WHITE POLKADOT,21706,1,4.95,4.95,2010-12-01 11:49:00,United Kingdom
536412,17920,SOLDIERS EGG CUP ,22988,6,1.25,7.5,2010-12-01 11:49:00,United Kingdom
536412,17920,S/4 VALENTINE DECOUPAGE HEART BOX,85184C,1,2.95,2.95,2010-12-01 11:49:00,United Kingdom
536412,17920,RED RETROSPOT MINI CASES,20750,1,7.95,7.95,2010-12-01 11:49:00,United Kingdom
536415,12838,60 CAKE CASES VINTAGE CHRISTMAS,22952,10,0.55,5.5,2010-12-01 11:57:00,United Kingdom
536415,12838,PAPER CHAIN KIT VINTAGE CHRISTMAS,22910,5,2.95,14.75,2010-12-01 11:57:00,United Kingdom
536415,12838,RIBBON REEL CHRISTMAS SOCK BAUBLE,22739,3,1.65,4.949999999999999,2010-12-01 11:57:00,United Kingdom
536415,12838,RIBBON REEL SNOWY VILLAGE,22738,3,1.65,4.949999999999999,2010-12-01 11:57:00,United Kingdom
536415,12838,RIBBON REEL MAKING SNOWMEN ,22736,3,1.65,4.949999999999999,2010-12-01 11:57:00,United Kingdom
536415,12838,SET OF 20 VINTAGE CHRISTMAS NAPKINS,22909,5,0.85,4.25,2010-12-01 11:57:00,United Kingdom
536415,12838,TURQUOISE CHRISTMAS TREE ,35591T,2,1.25,2.5,2010-12-01 11:57:00,United Kingdom
536415,12838,RED STAR CARD HOLDER,22186,5,2.95,14.75,2010-12-01 11:57:00,United Kingdom
536415,12838,WICKER WREATH SMALL,22695,3,1.45,4.35,2010-12-01 11:57:00,United Kingdom
536415,12838,HEART OF WICKER LARGE,22470,1,2.95,2.95,2010-12-01 11:57:00,United Kingdom
536415,12838,ADVENT CALENDAR GINGHAM SACK,22580,1,5.95,5.95,2010-12-01 11:57:00,United Kingdom
536415,12838,HEART OF WICKER SMALL,22469,5,1.65,8.25,2010-12-01 11:57:00,United Kingdom
536415,12838,FELTCRAFT BUTTERFLY HEARTS,22147,4,1.45,5.8,2010-12-01 11:57:00,United Kingdom
536415,12838,PARTY CONE CHRISTMAS DECORATION ,22130,6,0.85,5.1,2010-12-01 11:57:00,United Kingdom
536415,12838,VINTAGE HEADS AND TAILS CARD GAME ,21791,3,1.25,3.75,2010-12-01 11:57:00,United Kingdom
536415,12838,WICKER STAR ,22694,5,2.1,10.5,2010-12-01 11:57:00,United Kingdom
536415,12838,VINTAGE SNAP CARDS,21790,3,0.85,2.55,2010-12-01 11:57:00,United Kingdom
536415,12838,FELTCRAFT 6 FLOWER FRIENDS,22149,4,2.1,8.4,2010-12-01 11:57:00,United Kingdom
536415,12838, SET 2 TEA TOWELS I LOVE LONDON ,22900,3,2.95,8.850000000000001,2010-12-01 11:57:00,United Kingdom
536415,12838,JAM MAKING SET PRINTED,22961,3,1.45,4.35,2010-12-01 11:57:00,United Kingdom
536415,12838,BIRD DECORATION RED RETROSPOT,22321,12,0.85,10.2,2010-12-01 11:57:00,United Kingdom
536415,12838,CHRISTMAS GINGHAM TREE,22594,5,0.85,4.25,2010-12-01 11:57:00,United Kingdom
536415,12838,CHRISTMAS GINGHAM STAR,22593,4,0.85,3.4,2010-12-01 11:57:00,United Kingdom
536415,12838,CHRISTMAS GINGHAM HEART,22595,6,0.85,5.1,2010-12-01 11:57:00,United Kingdom
536415,12838,PACK OF 12 PINK POLKADOT TISSUES,21986,12,0.29,3.4799999999999995,2010-12-01 11:57:00,United Kingdom
536415,12838,FELTCRAFT PRINCESS LOLA DOLL,22750,2,3.75,7.5,2010-12-01 11:57:00,United Kingdom
536415,12838,PACK OF 12 LONDON TISSUES ,22616,12,0.29,3.4799999999999995,2010-12-01 11:57:00,United Kingdom
536415,12838,PURPLE DRAWERKNOB ACRYLIC EDWARDIAN,22775,1,1.25,1.25,2010-12-01 11:57:00,United Kingdom
536415,12838,CHILDREN'S APRON DOLLY GIRL ,22899,2,2.1,4.2,2010-12-01 11:57:00,United Kingdom
536415,12838,CHILDRENS APRON SPACEBOY DESIGN,22367,3,1.95,5.85,2010-12-01 11:57:00,United Kingdom
536415,12838,CHRISTMAS LIGHTS 10 SANTAS ,22942,3,8.5,25.5,2010-12-01 11:57:00,United Kingdom
536415,12838,CHRISTMAS LIGHTS 10 REINDEER,22941,3,8.5,25.5,2010-12-01 11:57:00,United Kingdom
536415,12838,PAPER CHAIN KIT 50'S CHRISTMAS ,22086,6,2.95,17.700000000000003,2010-12-01 11:57:00,United Kingdom
536415,12838,FELTCRAFT CHRISTMAS FAIRY,22940,2,4.25,8.5,2010-12-01 11:57:00,United Kingdom
536415,12838,PACK OF 72 RETROSPOT CAKE CASES,21212,2,0.55,1.1,2010-12-01 11:57:00,United Kingdom
536415,12838,PACK OF 60 MUSHROOM CAKE CASES,21976,2,0.55,1.1,2010-12-01 11:57:00,United Kingdom
536415,12838,60 CAKE CASES DOLLY GIRL DESIGN,22951,2,0.55,1.1,2010-12-01 11:57:00,United Kingdom
536415,12838,PACK OF 60 PINK PAISLEY CAKE CASES,21977,3,0.55,1.6500000000000001,2010-12-01 11:57:00,United Kingdom
536415,12838,HAND WARMER BABUSHKA DESIGN,22834,3,2.1,6.300000000000001,2010-12-01 11:57:00,United Kingdom
536415,12838,HAND WARMER BIRD DESIGN,22867,3,2.1,6.300000000000001,2010-12-01 11:57:00,United Kingdom
536415,12838,HAND WARMER OWL DESIGN,22865,3,2.1,6.300000000000001,2010-12-01 11:57:00,United Kingdom
536415,12838,HAND WARMER RED RETROSPOT,22632,3,2.1,6.300000000000001,2010-12-01 11:57:00,United Kingdom
536415,12838,SET 12 RETRO WHITE CHALK STICKS,21916,2,0.42,0.84,2010-12-01 11:57:00,United Kingdom
536415,12838,FELTCRAFT HAIRBAND RED AND BLUE,22587,4,0.85,3.4,2010-12-01 11:57:00,United Kingdom
536415,12838,FELTCRAFT HAIRBAND PINK AND PURPLE,22566,3,0.85,2.55,2010-12-01 11:57:00,United Kingdom
536415,12838,FELTCRAFT HAIRBANDS PINK AND WHITE ,22565,3,0.85,2.55,2010-12-01 11:57:00,United Kingdom
536415,12838,TV DINNER TRAY DOLLY GIRL,22472,2,4.95,9.9,2010-12-01 11:57:00,United Kingdom
536415,12838,PLASTERS IN TIN VINTAGE PAISLEY ,22557,3,1.65,4.949999999999999,2010-12-01 11:57:00,United Kingdom
536415,12838,PLASTERS IN TIN SPACEBOY,22551,3,1.65,4.949999999999999,2010-12-01 11:57:00,United Kingdom
536415,12838,PLASTERS IN TIN WOODLAND ANIMALS,22554,3,1.65,4.949999999999999,2010-12-01 11:57:00,United Kingdom
536415,12838,MAGIC DRAWING SLATE SPACEBOY ,22534,3,0.42,1.26,2010-12-01 11:57:00,United Kingdom
536415,12838,MAGIC DRAWING SLATE CIRCUS PARADE  ,22531,3,0.42,1.26,2010-12-01 11:57:00,United Kingdom
536415,12838,MAGIC DRAWING SLATE GO TO THE FAIR ,22529,3,0.42,1.26,2010-12-01 11:57:00,United Kingdom
536415,12838,MAGIC DRAWING SLATE DOLLY GIRL ,22530,3,0.42,1.26,2010-12-01 11:57:00,United Kingdom
536415,12838,CHARLIE + LOLA RED HOT WATER BOTTLE,84032B,3,2.95,8.850000000000001,2010-12-01 11:57:00,United Kingdom
536415,12838,HOT WATER BOTTLE BABUSHKA ,22837,3,4.65,13.950000000000001,2010-12-01 11:57:00,United Kingdom
536415,12838,URBAN BLACK RIBBONS ,85049H,2,1.25,2.5,2010-12-01 11:57:00,United Kingdom
536415,12838,FELTCRAFT PRINCESS CHARLOTTE DOLL,22749,2,3.75,7.5,2010-12-01 11:57:00,United Kingdom
536415,12838,SET OF 6 T-LIGHTS TOADSTOOLS,22807,12,2.95,35.400000000000006,2010-12-01 11:57:00,United Kingdom
536416,13255,ROTATING LEAVES T-LIGHT HOLDER,21494,12,1.25,15.0,2010-12-01 11:58:00,United Kingdom
536416,13255,RED  HARMONICA IN BOX ,21915,72,1.25,90.0,2010-12-01 11:58:00,United Kingdom
536416,13255,CUPCAKE LACE PAPER SET 6,22938,12,1.95,23.4,2010-12-01 11:58:00,United Kingdom
536416,13255,FAMILY PHOTO FRAME CORNICE,22768,4,9.95,39.8,2010-12-01 11:58:00,United Kingdom
536416,13255,TRIPLE PHOTO FRAME CORNICE ,22767,4,9.95,39.8,2010-12-01 11:58:00,United Kingdom
536416,13255,WOODEN FRAME ANTIQUE WHITE ,82494L,6,2.95,17.700000000000003,2010-12-01 11:58:00,United Kingdom
536420,16583,WOODEN BOX OF DOMINOES,21889,12,1.25,15.0,2010-12-01 12:03:00,United Kingdom
536420,16583,TRADITIONAL WOODEN CATCH CUP GAME ,21892,12,1.25,15.0,2010-12-01 12:03:00,United Kingdom
536420,16583,TRADITIONAL WOODEN SKIPPING ROPE,21891,12,1.25,15.0,2010-12-01 12:03:00,United Kingdom
536420,16583,S/6 WOODEN SKITTLES IN COTTON BAG,21890,6,2.95,17.700000000000003,2010-12-01 12:03:00,United Kingdom
536420,16583,RED METAL BEACH SPADE ,21718,12,1.25,15.0,2010-12-01 12:03:00,United Kingdom
536420,16583,BOYS VINTAGE TIN SEASIDE BUCKET,21716,8,2.55,20.4,2010-12-01 12:03:00,United Kingdom
536420,16583,GIRLS VINTAGE TIN SEASIDE BUCKET,21715,8,2.55,20.4,2010-12-01 12:03:00,United Kingdom
536420,16583,GREY HEART HOT WATER BOTTLE,22113,4,3.75,15.0,2010-12-01 12:03:00,United Kingdom
536420,16583,SCOTTIE DOG HOT WATER BOTTLE,22111,3,4.95,14.850000000000001,2010-12-01 12:03:00,United Kingdom
536420,16583,BIRD HOUSE HOT WATER BOTTLE,22110,6,2.55,15.299999999999999,2010-12-01 12:03:00,United Kingdom
536420,16583,KINGS CHOICE TEA CADDY ,22358,6,2.95,17.700000000000003,2010-12-01 12:03:00,United Kingdom
536420,16583,KINGS CHOICE BISCUIT TIN,22357,4,4.25,17.0,2010-12-01 12:03:00,United Kingdom
536420,16583,METAL SIGN EMPIRE TEA,22115,6,2.95,17.700000000000003,2010-12-01 12:03:00,United Kingdom
536420,16583,HOMEMADE JAM SCENTED CANDLES,22969,12,1.45,17.4,2010-12-01 12:03:00,United Kingdom
536423,18085,SET OF 6 SOLDIER SKITTLES,22619,4,3.75,15.0,2010-12-01 12:08:00,United Kingdom
536423,18085,FAWN BLUE HOT WATER BOTTLE,21481,6,2.95,17.700000000000003,2010-12-01 12:08:00,United Kingdom
536423,18085,HAND WARMER RED RETROSPOT,22632,12,2.1,25.200000000000003,2010-12-01 12:08:00,United Kingdom
536423,18085,HOT WATER BOTTLE BABUSHKA ,22837,8,4.65,37.2,2010-12-01 12:08:00,United Kingdom
536423,18085,WHITE SKULL HOT WATER BOTTLE ,21479,8,3.75,30.0,2010-12-01 12:08:00,United Kingdom
536423,18085,RETROSPOT HEART HOT WATER BOTTLE,21485,8,4.95,39.6,2010-12-01 12:08:00,United Kingdom
536423,18085,RED WOOLLY HOTTIE WHITE HEART.,84029E,8,3.75,30.0,2010-12-01 12:08:00,United Kingdom
536423,18085,SCOTTIE DOG HOT WATER BOTTLE,22111,16,4.95,79.2,2010-12-01 12:08:00,United Kingdom
536423,18085,GREY HEART HOT WATER BOTTLE,22113,8,3.75,30.0,2010-12-01 12:08:00,United Kingdom
536425,13758,HOT WATER BOTTLE BABUSHKA ,22837,8,4.65,37.2,2010-12-01 12:08:00,United Kingdom
536425,13758,PACK OF 6 BIRDY GIFT TAGS,22585,12,1.25,15.0,2010-12-01 12:08:00,United Kingdom
536425,13758,CHILLI LIGHTS,79321,8,4.95,39.6,2010-12-01 12:08:00,United Kingdom
536425,13758,PIGGY BANK RETROSPOT ,22637,12,2.55,30.599999999999998,2010-12-01 12:08:00,United Kingdom
536425,13758,CERAMIC STRAWBERRY MONEY BOX,21556,6,2.55,15.299999999999999,2010-12-01 12:08:00,United Kingdom
536425,13758,CERAMIC STRAWBERRY CAKE MONEY BANK,22646,12,1.45,17.4,2010-12-01 12:08:00,United Kingdom
536425,13758,CERAMIC CHERRY CAKE MONEY BANK,22644,12,1.45,17.4,2010-12-01 12:08:00,United Kingdom
536425,13758,CERAMIC HEART FAIRY CAKE MONEY BANK,22645,12,1.45,17.4,2010-12-01 12:08:00,United Kingdom
536425,13758,CERAMIC PIRATE CHEST MONEY BANK,22650,12,1.45,17.4,2010-12-01 12:08:00,United Kingdom
536425,13758,DOORSTOP RETROSPOT HEART,22508,8,3.75,30.0,2010-12-01 12:08:00,United Kingdom
536425,13758,GINGHAM HEART  DOORSTOP RED,21411,3,4.25,12.75,2010-12-01 12:08:00,United Kingdom
536425,13758,RETROSPOT BABUSHKA DOORSTOP,22511,4,3.75,15.0,2010-12-01 12:08:00,United Kingdom
536425,13758,SILK PURSE BABUSHKA RED,22451,6,3.35,20.1,2010-12-01 12:08:00,United Kingdom
536425,13758,SILK PURSE BABUSHKA PINK,22449,6,3.35,20.1,2010-12-01 12:08:00,United Kingdom
536425,13758,FAMILY PHOTO FRAME CORNICE,22768,2,9.95,19.9,2010-12-01 12:08:00,United Kingdom
536425,13758,SWEETHEART WIRE WALL TIDY,22829,2,9.95,19.9,2010-12-01 12:08:00,United Kingdom
536425,13758,JAM MAKING SET PRINTED,22961,12,1.45,17.4,2010-12-01 12:08:00,United Kingdom
536437,13694,RED RETROSPOT OVEN GLOVE ,21154,200,1.06,212.0,2010-12-01 12:12:00,United Kingdom
536437,13694,CREAM HEART CARD HOLDER,22189,72,3.39,244.08,2010-12-01 12:12:00,United Kingdom
536437,13694,NAMASTE SWAGAT INCENSE,17021,600,0.24,144.0,2010-12-01 12:12:00,United Kingdom
536437,13694,CERAMIC STRAWBERRY DESIGN MUG,22059,48,1.25,60.0,2010-12-01 12:12:00,United Kingdom
536437,13694,BLACK HEART CARD HOLDER,22188,36,3.39,122.04,2010-12-01 12:12:00,United Kingdom
536437,13694,CLASSICAL ROSE SMALL VASE,84678,48,1.25,60.0,2010-12-01 12:12:00,United Kingdom
536446,15983,HYACINTH BULB T-LIGHT CANDLES,85172,32,0.42,13.44,2010-12-01 12:15:00,United Kingdom
536446,15983,CHRISTMAS CRAFT WHITE FAIRY ,22142,2,1.45,2.9,2010-12-01 12:15:00,United Kingdom
536446,15983,CHRISTMAS CRAFT LITTLE FRIENDS,22144,2,2.1,4.2,2010-12-01 12:15:00,United Kingdom
536446,15983,COSY HOUR CIGAR BOX MATCHES ,21591,6,1.25,7.5,2010-12-01 12:15:00,United Kingdom
536446,15983,RED TEA TOWEL CLASSIC DESIGN,22480,12,1.25,15.0,2010-12-01 12:15:00,United Kingdom
536446,15983,HEART FILIGREE DOVE  SMALL,22294,48,1.25,60.0,2010-12-01 12:15:00,United Kingdom
536446,15983,RETROSPOT CHILDRENS APRON,21156,1,1.95,1.95,2010-12-01 12:15:00,United Kingdom
536446,15983,COLOURING PENCILS BROWN TUBE,10133,5,0.85,4.25,2010-12-01 12:15:00,United Kingdom
536446,15983,4 IVORY DINNER CANDLES SILVER FLOCK,72800E,6,2.55,15.299999999999999,2010-12-01 12:15:00,United Kingdom
536446,15983,HEART FILIGREE DOVE  SMALL,22294,24,1.25,30.0,2010-12-01 12:15:00,United Kingdom
536446,15983,ZINC METAL HEART DECORATION,84836,12,1.25,15.0,2010-12-01 12:15:00,United Kingdom
536446,15983,GREEN FERN NOTEBOOK,20774,2,1.65,3.3,2010-12-01 12:15:00,United Kingdom
536446,15983,BLUE PAISLEY NOTEBOOK,20773,2,1.65,3.3,2010-12-01 12:15:00,United Kingdom
536446,15983,CHRYSANTHEMUM NOTEBOOK,20777,2,1.65,3.3,2010-12-01 12:15:00,United Kingdom
536446,15983,LARGE CHINESE STYLE SCISSOR,16016,10,0.85,8.5,2010-12-01 12:15:00,United Kingdom
536446,15983,SMALL CHINESE STYLE SCISSOR,16014,10,0.42,4.2,2010-12-01 12:15:00,United Kingdom
536446,15983,S/6 WOODEN SKITTLES IN COTTON BAG,21890,2,2.95,5.9,2010-12-01 12:15:00,United Kingdom
536446,15983,TRADITIONAL WOODEN SKIPPING ROPE,21891,2,1.25,2.5,2010-12-01 12:15:00,United Kingdom
536446,15983,SET OF 6 SOLDIER SKITTLES,22619,8,3.75,30.0,2010-12-01 12:15:00,United Kingdom
536446,15983,4 TRADITIONAL SPINNING TOPS,22620,6,1.25,7.5,2010-12-01 12:15:00,United Kingdom
536446,15983,ROTATING SILVER ANGELS T-LIGHT HLDR,84347,12,2.55,30.599999999999998,2010-12-01 12:15:00,United Kingdom
536446,15983,BLACK LOVE BIRD CANDLE,85169B,24,1.25,30.0,2010-12-01 12:15:00,United Kingdom
536446,15983,RETROSPOT CHILDRENS APRON,21156,3,1.95,5.85,2010-12-01 12:15:00,United Kingdom
536446,15983,HANGING GLASS ETCHED TEALIGHT,21651,6,1.65,9.899999999999999,2010-12-01 12:15:00,United Kingdom
536446,15983,HANGING GLASS ETCHED TEALIGHT,21651,6,1.65,9.899999999999999,2010-12-01 12:15:00,United Kingdom
536446,15983,BLUE NEW BAROQUE CANDLESTICK CANDLE,84625C,10,2.95,29.5,2010-12-01 12:15:00,United Kingdom
536446,15983,COOKING SET RETROSPOT,22618,2,9.95,19.9,2010-12-01 12:15:00,United Kingdom
536446,15983,KINGS CHOICE GIANT TUBE MATCHES,21586,4,2.55,10.2,2010-12-01 12:15:00,United Kingdom
536446,15983,COSY HOUR GIANT TUBE MATCHES,21587,4,2.55,10.2,2010-12-01 12:15:00,United Kingdom
536446,15983,PLACE SETTING WHITE STAR,22152,24,0.42,10.08,2010-12-01 12:15:00,United Kingdom
536446,15983,HYACINTH BULB T-LIGHT CANDLES,85172,16,0.42,6.72,2010-12-01 12:15:00,United Kingdom
536446,15983,S/15 SILVER GLASS BAUBLES IN BAG,84754,24,1.25,30.0,2010-12-01 12:15:00,United Kingdom
536460,14849,FRENCH WC SIGN BLUE METAL,22670,12,1.25,15.0,2010-12-01 12:22:00,United Kingdom
536460,14849,KINGS CHOICE GIANT TUBE MATCHES,21586,12,2.55,30.599999999999998,2010-12-01 12:22:00,United Kingdom
536460,14849,72 SWEETHEART FAIRY CAKE CASES,84992,24,0.55,13.200000000000001,2010-12-01 12:22:00,United Kingdom
536460,14849,ASSORTED COLOUR BIRD ORNAMENT,84879,24,1.69,40.56,2010-12-01 12:22:00,United Kingdom
536460,14849,FAIRY SOAP SOAP HOLDER,84849B,12,1.69,20.28,2010-12-01 12:22:00,United Kingdom
536460,14849,GREEN GIANT GARDEN THERMOMETER,22927,2,5.95,11.9,2010-12-01 12:22:00,United Kingdom
536460,14849,IVORY GIANT GARDEN THERMOMETER,22926,4,5.95,23.8,2010-12-01 12:22:00,United Kingdom
536460,14849,BLUE GIANT GARDEN THERMOMETER,22925,2,5.95,11.9,2010-12-01 12:22:00,United Kingdom
536460,14849,PACK OF 60 PINK PAISLEY CAKE CASES,21977,24,0.55,13.200000000000001,2010-12-01 12:22:00,United Kingdom
536460,14849,RETROSPOT HEART HOT WATER BOTTLE,21485,6,4.95,29.700000000000003,2010-12-01 12:22:00,United Kingdom
536460,14849,CHICK GREY HOT WATER BOTTLE,21484,8,3.45,27.6,2010-12-01 12:22:00,United Kingdom
536460,14849,VICTORIAN SEWING BOX SMALL ,21259,2,5.95,11.9,2010-12-01 12:22:00,United Kingdom
536460,14849,VICTORIAN SEWING BOX MEDIUM,21257,2,7.95,15.9,2010-12-01 12:22:00,United Kingdom
536460,14849,SET/10 RED POLKADOT PARTY CANDLES,21121,24,1.25,30.0,2010-12-01 12:22:00,United Kingdom
536463,14849,WASHROOM METAL SIGN,82552,12,1.45,17.4,2010-12-01 12:22:00,United Kingdom
536464,17968,BLACK SWEETHEART BRACELET,90200B,2,4.25,8.5,2010-12-01 12:23:00,United Kingdom
536464,17968,DIAMANTE HAIR GRIP PACK/2 BLACK DIA,90059B,2,1.65,3.3,2010-12-01 12:23:00,United Kingdom
536464,17968,BLACK DIAMANTE EXPANDABLE RING,90185C,2,4.25,8.5,2010-12-01 12:23:00,United Kingdom
536464,17968,DIAMANTE HAIR GRIP PACK/2 RUBY,90059E,3,1.65,4.949999999999999,2010-12-01 12:23:00,United Kingdom
536464,17968,DIAMANTE HAIR GRIP PACK/2 MONTANA,90059C,1,1.65,1.65,2010-12-01 12:23:00,United Kingdom
536464,17968,BLUE SWEETHEART BRACELET,90200C,1,4.25,4.25,2010-12-01 12:23:00,United Kingdom
536464,17968,PINK SWEETHEART BRACELET,90200D,3,4.25,12.75,2010-12-01 12:23:00,United Kingdom
536464,17968,PURPLE SWEETHEART BRACELET,90200A,1,4.25,4.25,2010-12-01 12:23:00,United Kingdom
536464,17968,JUMBO BAG PINK POLKADOT,22386,1,1.95,1.95,2010-12-01 12:23:00,United Kingdom
536464,17968,JUMBO BAG RED RETROSPOT,85099B,1,1.95,1.95,2010-12-01 12:23:00,United Kingdom
536464,17968,ASSORTED COLOUR BIRD ORNAMENT,84879,8,1.69,13.52,2010-12-01 12:23:00,United Kingdom
536464,17968,PAPER CHAIN KIT 50'S CHRISTMAS ,22086,1,2.95,2.95,2010-12-01 12:23:00,United Kingdom
536464,17968,RIBBON REEL CHRISTMAS PRESENT ,22737,1,1.65,1.65,2010-12-01 12:23:00,United Kingdom
536464,17968,FIRST AID TIN,21260,1,3.25,3.25,2010-12-01 12:23:00,United Kingdom
536464,17968,MAKE YOUR OWN MONSOON CARD KIT,22744,2,2.95,5.9,2010-12-01 12:23:00,United Kingdom
536464,17968,PACK OF 12 HEARTS DESIGN TISSUES ,21985,1,0.29,0.29,2010-12-01 12:23:00,United Kingdom
536464,17968,PACK OF 12 RED RETROSPOT TISSUES ,21980,1,0.29,0.29,2010-12-01 12:23:00,United Kingdom
536464,17968,SOLDIERS EGG CUP ,22988,1,1.25,1.25,2010-12-01 12:23:00,United Kingdom
536464,17968,HEART IVORY TRELLIS SMALL,22297,1,1.25,1.25,2010-12-01 12:23:00,United Kingdom
536464,17968,HEART FILIGREE DOVE  SMALL,22294,1,1.25,1.25,2010-12-01 12:23:00,United Kingdom
536464,17968,HEART FILIGREE DOVE LARGE,22295,1,1.65,1.65,2010-12-01 12:23:00,United Kingdom
536464,17968,PACK 3 BOXES BIRD PANNETONE ,22813,2,1.95,3.9,2010-12-01 12:23:00,United Kingdom
536464,17968,PACK 3 BOXES CHRISTMAS PANNETONE,22812,6,1.95,11.7,2010-12-01 12:23:00,United Kingdom
536464,17968,SMALL POPCORN HOLDER,22197,5,0.85,4.25,2010-12-01 12:23:00,United Kingdom
536464,17968,PACK OF 60 PINK PAISLEY CAKE CASES,21977,1,0.55,0.55,2010-12-01 12:23:00,United Kingdom
536464,17968,SET OF 6 SOLDIER SKITTLES,22619,1,3.75,3.75,2010-12-01 12:23:00,United Kingdom
536464,17968,SWIRLY CIRCULAR RUBBERS IN BAG,16258A,1,0.42,0.42,2010-12-01 12:23:00,United Kingdom
536464,17968,VINTAGE PAISLEY STATIONERY SET,21992,1,2.95,2.95,2010-12-01 12:23:00,United Kingdom
536464,17968,PAPER CHAIN KIT VINTAGE CHRISTMAS,22910,1,2.95,2.95,2010-12-01 12:23:00,United Kingdom
536464,17968,SET/10 BLUE POLKADOT PARTY CANDLES,21124,1,1.25,1.25,2010-12-01 12:23:00,United Kingdom
536464,17968,RIBBON REEL SOCKS AND MITTENS,22735,2,1.65,3.3,2010-12-01 12:23:00,United Kingdom
536464,17968,60 CAKE CASES VINTAGE CHRISTMAS,22952,2,0.55,1.1,2010-12-01 12:23:00,United Kingdom
536464,17968,CHRISTMAS METAL TAGS ASSORTED ,22945,6,0.85,5.1,2010-12-01 12:23:00,United Kingdom
536464,17968,CHRISTMAS TREE T-LIGHT HOLDER,21816,2,1.45,2.9,2010-12-01 12:23:00,United Kingdom
536464,17968,STAR  T-LIGHT HOLDER ,21815,4,1.45,5.8,2010-12-01 12:23:00,United Kingdom
536464,17968,HEART T-LIGHT HOLDER ,21814,2,1.45,2.9,2010-12-01 12:23:00,United Kingdom
536464,17968,MINI FUNKY DESIGN TAPES,10125,2,0.85,1.7,2010-12-01 12:23:00,United Kingdom
536464,17968,SET OF 6 T-LIGHTS SNOWMEN,22810,1,2.95,2.95,2010-12-01 12:23:00,United Kingdom
536464,17968,STAR WOODEN CHRISTMAS DECORATION,22573,1,0.85,0.85,2010-12-01 12:23:00,United Kingdom
536464,17968,WOODEN HEART CHRISTMAS SCANDINAVIAN,22577,1,0.85,0.85,2010-12-01 12:23:00,United Kingdom
536464,17968,CHRISTMAS RETROSPOT TREE WOOD,22603,2,0.85,1.7,2010-12-01 12:23:00,United Kingdom
536464,17968,SET OF 6 T-LIGHTS SANTA,22809,1,2.95,2.95,2010-12-01 12:23:00,United Kingdom
536464,17968,SET/9 CHRISTMAS T-LIGHTS SCENTED ,20878,1,1.25,1.25,2010-12-01 12:23:00,United Kingdom
536464,17968,BLUE ROSE FABRIC MIRROR,20866,1,1.25,1.25,2010-12-01 12:23:00,United Kingdom
536464,17968,THREE CANVAS LUGGAGE TAGS,85095,1,1.95,1.95,2010-12-01 12:23:00,United Kingdom
536464,17968,RETROSPOT PARTY BAG + STICKER SET,22333,1,1.65,1.65,2010-12-01 12:23:00,United Kingdom
536464,17968,PLASTERS IN TIN VINTAGE PAISLEY ,22557,1,1.65,1.65,2010-12-01 12:23:00,United Kingdom
536464,17968,RETROSPOT SMALL TUBE MATCHES,21584,1,1.65,1.65,2010-12-01 12:23:00,United Kingdom
536464,17968,HAND WARMER SCOTTY DOG DESIGN,22866,1,2.1,2.1,2010-12-01 12:23:00,United Kingdom
536464,17968,3D CHRISTMAS STAMPS STICKERS ,22731,2,1.25,2.5,2010-12-01 12:23:00,United Kingdom
536464,17968,HAND WARMER SCOTTY DOG DESIGN,22866,1,2.1,2.1,2010-12-01 12:23:00,United Kingdom
536464,17968,HAND WARMER SCOTTY DOG DESIGN,22866,3,2.1,6.300000000000001,2010-12-01 12:23:00,United Kingdom
536464,17968,CLOTHES PEGS RETROSPOT PACK 24 ,22558,2,1.49,2.98,2010-12-01 12:23:00,United Kingdom
536464,17968,36 FOIL HEART CAKE CASES,22956,1,2.1,2.1,2010-12-01 12:23:00,United Kingdom
536464,17968,CHRISTMAS METAL TAGS ASSORTED ,22945,6,0.85,5.1,2010-12-01 12:23:00,United Kingdom
536464,17968,PACK OF 6 SWEETIE GIFT BOXES,22582,1,2.55,2.55,2010-12-01 12:23:00,United Kingdom
536464,17968,PACK OF 72 RETROSPOT CAKE CASES,21212,1,0.55,0.55,2010-12-01 12:23:00,United Kingdom
536464,17968,PACK OF 72 RETROSPOT CAKE CASES,21212,2,0.55,1.1,2010-12-01 12:23:00,United Kingdom
536464,17968,PACK OF 6 BIRDY GIFT TAGS,22585,3,1.25,3.75,2010-12-01 12:23:00,United Kingdom
536464,17968,SET/10 RED POLKADOT PARTY CANDLES,21121,1,1.25,1.25,2010-12-01 12:23:00,United Kingdom
536464,17968,SET/10 PINK POLKADOT PARTY CANDLES,21122,1,1.25,1.25,2010-12-01 12:23:00,United Kingdom
536464,17968,SET OF 3 NOTEBOOKS IN PARCEL,22759,1,1.65,1.65,2010-12-01 12:23:00,United Kingdom
536464,17968,STAR  T-LIGHT HOLDER ,21815,1,1.45,1.45,2010-12-01 12:23:00,United Kingdom
536464,17968,CINAMMON SET OF 9 T-LIGHTS,85231B,3,0.85,2.55,2010-12-01 12:23:00,United Kingdom
536464,17968,ORANGE SCENTED SET/9 T-LIGHTS,85231G,5,0.85,4.25,2010-12-01 12:23:00,United Kingdom
536464,17968,RIBBON REEL STRIPES DESIGN ,22082,5,1.65,8.25,2010-12-01 12:23:00,United Kingdom
536464,17968,SET OF 2 TINS JARDIN DE PROVENCE,22500,2,4.95,9.9,2010-12-01 12:23:00,United Kingdom
536464,17968,MAKE YOUR OWN PLAYTIME CARD KIT,22742,1,2.95,2.95,2010-12-01 12:23:00,United Kingdom
536464,17968,DINOSAURS  WRITING SET ,21329,1,1.65,1.65,2010-12-01 12:23:00,United Kingdom
536464,17968,BALLOONS  WRITING SET ,21328,1,1.65,1.65,2010-12-01 12:23:00,United Kingdom
536464,17968,SKULLS WRITING SET ,21327,1,1.65,1.65,2010-12-01 12:23:00,United Kingdom
536464,17968,VINTAGE PAISLEY STATIONERY SET,21992,1,2.95,2.95,2010-12-01 12:23:00,United Kingdom
536464,17968,COSY SLIPPER SHOES SMALL  RED ,21738,1,2.95,2.95,2010-12-01 12:23:00,United Kingdom
536464,17968,DOORMAT BLACK FLOCK ,48173C,1,7.95,7.95,2010-12-01 12:23:00,United Kingdom
536464,17968,JUMBO  BAG BAROQUE BLACK WHITE,85099C,1,1.95,1.95,2010-12-01 12:23:00,United Kingdom
536464,17968,JAM MAKING SET WITH JARS,22960,1,4.25,4.25,2010-12-01 12:23:00,United Kingdom
536464,17968,ORANGE SCENTED SET/9 T-LIGHTS,85231G,1,0.85,0.85,2010-12-01 12:23:00,United Kingdom
536464,17968,CINAMMON SET OF 9 T-LIGHTS,85231B,2,0.85,1.7,2010-12-01 12:23:00,United Kingdom
536464,17968,HAND WARMER SCOTTY DOG DESIGN,22866,1,2.1,2.1,2010-12-01 12:23:00,United Kingdom
536464,17968,CHRISTMAS DECOUPAGE CANDLE,72818,1,0.85,0.85,2010-12-01 12:23:00,United Kingdom
536464,17968,HEART T-LIGHT HOLDER ,21814,8,1.45,11.6,2010-12-01 12:23:00,United Kingdom
536464,17968,GROW YOUR OWN BASIL IN ENAMEL MUG,22441,1,2.1,2.1,2010-12-01 12:23:00,United Kingdom
536464,17968,OFFICE MUG WARMER POLKADOT,22312,1,2.95,2.95,2010-12-01 12:23:00,United Kingdom
536464,17968,SMALL POPCORN HOLDER,22197,6,0.85,5.1,2010-12-01 12:23:00,United Kingdom
536464,17968,JUMBO BAG DOLLY GIRL DESIGN,22663,1,1.95,1.95,2010-12-01 12:23:00,United Kingdom
536466,14849,JAM MAKING SET WITH JARS,22960,6,4.25,25.5,2010-12-01 12:23:00,United Kingdom
536466,14849,JAM MAKING SET PRINTED,22961,12,1.45,17.4,2010-12-01 12:23:00,United Kingdom
536477,16210,SMALL GLASS HEART TRINKET POT,21314,48,1.85,88.80000000000001,2010-12-01 12:27:00,United Kingdom
536477,16210,RED WOOLLY HOTTIE WHITE HEART.,84029E,24,3.39,81.36,2010-12-01 12:27:00,United Kingdom
536477,16210,BLACK RECORD COVER FRAME,21137,480,3.39,1627.2,2010-12-01 12:27:00,United Kingdom
536477,16210,"RECORD FRAME 7"" SINGLE SIZE ",22041,48,2.1,100.80000000000001,2010-12-01 12:27:00,United Kingdom
536477,16210,36 PENCILS TUBE RED RETROSPOT,20979,16,1.25,20.0,2010-12-01 12:27:00,United Kingdom
536477,16210,36 PENCILS TUBE WOODLAND,20977,16,1.25,20.0,2010-12-01 12:27:00,United Kingdom
536477,16210,SET OF 6 SOLDIER SKITTLES,22619,4,3.75,15.0,2010-12-01 12:27:00,United Kingdom
536477,16210,ROCKING HORSE RED CHRISTMAS ,22571,96,0.72,69.12,2010-12-01 12:27:00,United Kingdom
536477,16210,CHRISTMAS GINGHAM HEART,22595,144,0.72,103.67999999999999,2010-12-01 12:27:00,United Kingdom
536477,16210,CHRISTMAS GINGHAM STAR,22593,144,0.72,103.67999999999999,2010-12-01 12:27:00,United Kingdom
536477,16210,HAND WARMER UNION JACK,22633,12,2.1,25.200000000000003,2010-12-01 12:27:00,United Kingdom
536477,16210,HAND WARMER RED RETROSPOT,22632,12,2.1,25.200000000000003,2010-12-01 12:27:00,United Kingdom
536477,16210,REGENCY CAKESTAND 3 TIER,22423,16,10.95,175.2,2010-12-01 12:27:00,United Kingdom
536477,16210,JUMBO SHOPPER VINTAGE RED PAISLEY,22411,10,1.95,19.5,2010-12-01 12:27:00,United Kingdom
536488,17897,RIBBON REEL SNOWY VILLAGE,22738,5,1.65,8.25,2010-12-01 12:31:00,United Kingdom
536488,17897,VINTAGE UNION JACK BUNTING,21621,1,8.5,8.5,2010-12-01 12:31:00,United Kingdom
536488,17897,JAM MAKING SET WITH JARS,22960,8,4.25,34.0,2010-12-01 12:31:00,United Kingdom
536488,17897,RIBBON REEL STRIPES DESIGN ,22082,5,1.65,8.25,2010-12-01 12:31:00,United Kingdom
536488,17897,RETRO LONGBOARD IRONING BOARD COVER,47563A,1,3.75,3.75,2010-12-01 12:31:00,United Kingdom
536488,17897,3D DOG PICTURE PLAYING CARDS,84558A,1,2.95,2.95,2010-12-01 12:31:00,United Kingdom
536488,17897,RETROSPOT CIGAR BOX MATCHES ,21592,1,1.25,1.25,2010-12-01 12:31:00,United Kingdom
536488,17897,SET/9 CHRISTMAS T-LIGHTS SCENTED ,20878,2,1.25,2.5,2010-12-01 12:31:00,United Kingdom
536488,17897,ROTATING SILVER ANGELS T-LIGHT HLDR,84347,1,2.55,2.55,2010-12-01 12:31:00,United Kingdom
536488,17897,ROTATING SILVER ANGELS T-LIGHT HLDR,84347,1,2.55,2.55,2010-12-01 12:31:00,United Kingdom
536488,17897,SAVE THE PLANET COTTON TOTE BAG,21577,1,2.25,2.25,2010-12-01 12:31:00,United Kingdom
536488,17897,SET OF 20 VINTAGE CHRISTMAS NAPKINS,22909,1,0.85,0.85,2010-12-01 12:31:00,United Kingdom
536488,17897,PAPER BUNTING WHITE LACE,22087,1,2.95,2.95,2010-12-01 12:31:00,United Kingdom
536488,17897,GENTLEMAN SHIRT REPAIR KIT ,22651,2,0.85,1.7,2010-12-01 12:31:00,United Kingdom
536488,17897,CARD I LOVE LONDON ,22713,12,0.42,5.04,2010-12-01 12:31:00,United Kingdom
536488,17897,PAPER CHAIN KIT VINTAGE CHRISTMAS,22910,1,2.95,2.95,2010-12-01 12:31:00,United Kingdom
536488,17897,MIRRORED WALL ART FOXY,21370,2,6.35,12.7,2010-12-01 12:31:00,United Kingdom
536488,17897,MIRRORED WALL ART GENTS,21367,1,2.55,2.55,2010-12-01 12:31:00,United Kingdom
536488,17897,AIRLINE BAG VINTAGE JET SET WHITE,22376,1,4.25,4.25,2010-12-01 12:31:00,United Kingdom
536488,17897,JAM MAKING SET PRINTED,22961,1,1.45,1.45,2010-12-01 12:31:00,United Kingdom
536488,17897,POTTING SHED SOW 'N' GROW SET,21895,1,4.25,4.25,2010-12-01 12:31:00,United Kingdom
536488,17897,BABUSHKA LIGHTS STRING OF 10,22468,1,6.75,6.75,2010-12-01 12:31:00,United Kingdom
536488,17897,REX CASH+CARRY JUMBO SHOPPER,21034,1,0.95,0.95,2010-12-01 12:31:00,United Kingdom
536488,17897,AIRLINE BAG VINTAGE WORLD CHAMPION ,22372,1,4.25,4.25,2010-12-01 12:31:00,United Kingdom
536488,17897,HAND WARMER BIRD DESIGN,22867,1,2.1,2.1,2010-12-01 12:31:00,United Kingdom
536488,17897,CHRISTMAS CRAFT LITTLE FRIENDS,22144,1,2.1,2.1,2010-12-01 12:31:00,United Kingdom
536488,17897,PINK HEARTS PAPER GARLAND,21190,1,1.65,1.65,2010-12-01 12:31:00,United Kingdom
536488,17897,POTTING SHED SEED ENVELOPES,21894,3,1.25,3.75,2010-12-01 12:31:00,United Kingdom
536488,17897,HI TEC ALPINE HAND WARMER,70007,3,1.65,4.949999999999999,2010-12-01 12:31:00,United Kingdom
536488,17897,FELTCRAFT CHRISTMAS FAIRY,22940,1,4.25,4.25,2010-12-01 12:31:00,United Kingdom
536488,17897,HI TEC ALPINE HAND WARMER,70007,1,1.65,1.65,2010-12-01 12:31:00,United Kingdom
536488,17897,ROTATING SILVER ANGELS T-LIGHT HLDR,84347,3,2.55,7.6499999999999995,2010-12-01 12:31:00,United Kingdom
536488,17897,3 STRIPEY MICE FELTCRAFT,22150,1,1.95,1.95,2010-12-01 12:31:00,United Kingdom
536488,17897,FELTCRAFT 6 FLOWER FRIENDS,22149,2,2.1,4.2,2010-12-01 12:31:00,United Kingdom
536488,17897,CHRISTMAS CRAFT LITTLE FRIENDS,22144,2,2.1,4.2,2010-12-01 12:31:00,United Kingdom
536500,17377,VINTAGE UNION JACK CUSHION COVER,21622,10,4.95,49.5,2010-12-01 12:35:00,United Kingdom
536500,17377,POLYESTER FILLER PAD 45x45cm,46000M,10,1.55,15.5,2010-12-01 12:35:00,United Kingdom
536500,17377,DOLLY GIRL LUNCH BOX,22630,2,1.95,3.9,2010-12-01 12:35:00,United Kingdom
536500,17377,PACK OF 12 LONDON TISSUES ,22616,12,0.29,3.4799999999999995,2010-12-01 12:35:00,United Kingdom
536500,17377,CARD DOLLY GIRL ,22712,12,0.42,5.04,2010-12-01 12:35:00,United Kingdom
536500,17377,CARD BILLBOARD FONT,22983,12,0.42,5.04,2010-12-01 12:35:00,United Kingdom
536500,17377,RAINY LADIES BIRTHDAY CARD,22024,12,0.42,5.04,2010-12-01 12:35:00,United Kingdom
536500,17377,GREY HEART HOT WATER BOTTLE,22113,3,3.75,11.25,2010-12-01 12:35:00,United Kingdom
536500,17377,RED WOOLLY HOTTIE WHITE HEART.,84029E,2,3.75,7.5,2010-12-01 12:35:00,United Kingdom
536500,17377,RED WHITE SCARF  HOT WATER BOTTLE,21488,2,3.95,7.9,2010-12-01 12:35:00,United Kingdom
536500,17377, SET 2 TEA TOWELS I LOVE LONDON ,22900,7,2.95,20.650000000000002,2010-12-01 12:35:00,United Kingdom
536500,17377,SET OF 2 TEA TOWELS APPLE AND PEARS,22895,3,2.95,8.850000000000001,2010-12-01 12:35:00,United Kingdom
536500,17377,SET/2 RED RETROSPOT TEA TOWELS ,21035,3,2.95,8.850000000000001,2010-12-01 12:35:00,United Kingdom
536500,17377,LOVE BUILDING BLOCK WORD,21755,6,5.95,35.7,2010-12-01 12:35:00,United Kingdom
536500,17377,HOME BUILDING BLOCK WORD,21754,6,5.95,35.7,2010-12-01 12:35:00,United Kingdom
536502,16552,ASSORTED COLOUR BIRD ORNAMENT,84879,16,1.69,27.04,2010-12-01 12:36:00,United Kingdom
536502,16552,LANTERN CREAM GAZEBO ,22784,3,4.95,14.850000000000001,2010-12-01 12:36:00,United Kingdom
536502,16552,BLUE BIRDHOUSE DECORATION,21441,12,0.85,10.2,2010-12-01 12:36:00,United Kingdom
536502,16552,WHITE HANGING HEART T-LIGHT HOLDER,85123A,6,2.95,17.700000000000003,2010-12-01 12:36:00,United Kingdom
536502,16552,REGENCY CAKESTAND 3 TIER,22423,2,12.75,25.5,2010-12-01 12:36:00,United Kingdom
536508,17181,ANTIQUE SILVER TEA GLASS ENGRAVED,84947,72,1.06,76.32000000000001,2010-12-01 12:38:00,United Kingdom
536508,17181,AGED GLASS SILVER T-LIGHT HOLDER,21326,144,0.55,79.2,2010-12-01 12:38:00,United Kingdom
C536506,17897,JAM MAKING SET WITH JARS,22960,-6,4.25,-25.5,2010-12-01 12:38:00,United Kingdom
536514,17951,HAND WARMER OWL DESIGN,22865,36,2.1,75.60000000000001,2010-12-01 12:40:00,United Kingdom
536514,17951,SET OF 2 WOODEN MARKET CRATES,22485,4,12.75,51.0,2010-12-01 12:40:00,United Kingdom
536514,17951,SET OF 6 T-LIGHTS TOADSTOOLS,22807,6,2.95,17.700000000000003,2010-12-01 12:40:00,United Kingdom
536514,17951,HAND WARMER UNION JACK,22633,36,2.1,75.60000000000001,2010-12-01 12:40:00,United Kingdom
536514,17951,HAND WARMER SCOTTY DOG DESIGN,22866,36,2.1,75.60000000000001,2010-12-01 12:40:00,United Kingdom
536520,14729,CLASSIC FRENCH STYLE BASKET NATURAL,21794,1,6.75,6.75,2010-12-01 12:43:00,United Kingdom
536520,14729,CRAZY DAISY HEART DECORATION,20707,1,1.25,1.25,2010-12-01 12:43:00,United Kingdom
536520,14729,GIN + TONIC DIET METAL SIGN,21175,1,2.1,2.1,2010-12-01 12:43:00,United Kingdom
536520,14729,IVORY GIANT GARDEN THERMOMETER,22926,1,5.95,5.95,2010-12-01 12:43:00,United Kingdom
536520,14729,CARD HOLDER GINGHAM HEART,22588,2,2.55,5.1,2010-12-01 12:43:00,United Kingdom
536520,14729,SMALL STRIPES CHOCOLATE GIFT BAG ,21292,16,0.85,13.6,2010-12-01 12:43:00,United Kingdom
536520,14729,S/6 WOODEN SKITTLES IN COTTON BAG,21890,1,2.95,2.95,2010-12-01 12:43:00,United Kingdom
536520,14729,HAND WARMER RED RETROSPOT,22632,4,2.1,8.4,2010-12-01 12:43:00,United Kingdom
536520,14729,HAND WARMER UNION JACK,22633,3,2.1,6.300000000000001,2010-12-01 12:43:00,United Kingdom
536520,14729,FRENCH WC SIGN BLUE METAL,22670,1,1.25,1.25,2010-12-01 12:43:00,United Kingdom
536520,14729,PINK UNION JACK  LUGGAGE TAG,21867,1,1.25,1.25,2010-12-01 12:43:00,United Kingdom
536520,14729,"TRAY, BREAKFAST IN BED",22760,1,12.75,12.75,2010-12-01 12:43:00,United Kingdom
536520,14729,PIZZA PLATE IN BOX,22107,2,3.75,7.5,2010-12-01 12:43:00,United Kingdom
536520,14729,HEART OF WICKER LARGE,22470,1,2.95,2.95,2010-12-01 12:43:00,United Kingdom
536520,14729,PINK HEART DOTS HOT WATER BOTTLE,21486,1,3.75,3.75,2010-12-01 12:43:00,United Kingdom
536520,14729,PLACE SETTING WHITE HEART,22151,14,0.42,5.88,2010-12-01 12:43:00,United Kingdom
536520,14729,SET OF 4 NAPKIN CHARMS LEAVES   ,22643,4,2.55,10.2,2010-12-01 12:43:00,United Kingdom
536520,14729,SET OF 4 NAPKIN CHARMS STARS   ,22642,4,2.55,10.2,2010-12-01 12:43:00,United Kingdom
536520,14729,SET OF 4 NAPKIN CHARMS CUTLERY,22604,3,2.55,7.6499999999999995,2010-12-01 12:43:00,United Kingdom
536520,14729,CARAVAN SQUARE TISSUE BOX,22099,2,1.25,2.5,2010-12-01 12:43:00,United Kingdom
536520,14729,PLASTERS IN TIN SKULLS,22553,1,1.65,1.65,2010-12-01 12:43:00,United Kingdom
536520,14729,PLASTERS IN TIN SPACEBOY,22551,1,1.65,1.65,2010-12-01 12:43:00,United Kingdom
536520,14729,BUTTON BOX ,22653,1,1.95,1.95,2010-12-01 12:43:00,United Kingdom
536520,14729,PLASTERS IN TIN VINTAGE PAISLEY ,22557,2,1.65,3.3,2010-12-01 12:43:00,United Kingdom
536520,14729,12 MESSAGE CARDS WITH ENVELOPES,22906,6,1.65,9.899999999999999,2010-12-01 12:43:00,United Kingdom
536520,14729,SMALL RED BABUSHKA NOTEBOOK ,22754,1,0.85,0.85,2010-12-01 12:43:00,United Kingdom
536520,14729,CUPCAKE LACE PAPER SET 6,22938,5,1.95,9.75,2010-12-01 12:43:00,United Kingdom
536520,14729,PACK 3 BOXES CHRISTMAS PANNETONE,22812,3,1.95,5.85,2010-12-01 12:43:00,United Kingdom
536520,14729,HERB MARKER MINT,22919,2,0.65,1.3,2010-12-01 12:43:00,United Kingdom
536520,14729,HERB MARKER ROSEMARY,22917,1,0.65,0.65,2010-12-01 12:43:00,United Kingdom
536520,14729,HERB MARKER BASIL,22920,3,0.65,1.9500000000000002,2010-12-01 12:43:00,United Kingdom
536520,14729,HERB MARKER CHIVES ,22921,2,0.65,1.3,2010-12-01 12:43:00,United Kingdom
536520,14729,HERB MARKER PARSLEY,22918,2,0.65,1.3,2010-12-01 12:43:00,United Kingdom
536520,14729,HERB MARKER THYME,22916,1,0.65,0.65,2010-12-01 12:43:00,United Kingdom
536520,14729,WHITE HANGING HEART T-LIGHT HOLDER,85123A,3,2.95,8.850000000000001,2010-12-01 12:43:00,United Kingdom
536520,14729,METAL MERRY CHRISTMAS WREATH,22575,1,1.95,1.95,2010-12-01 12:43:00,United Kingdom
536520,14729,WHITE CHRISTMAS GARLAND STARS TREES,21804,3,3.75,11.25,2010-12-01 12:43:00,United Kingdom
536520,14729,RETROSPOT SMALL TUBE MATCHES,21584,12,1.65,19.799999999999997,2010-12-01 12:43:00,United Kingdom
536520,14729,RETROSPOT GIANT TUBE MATCHES,21588,3,2.55,7.6499999999999995,2010-12-01 12:43:00,United Kingdom
536520,14729,PLACE SETTING WHITE STAR,22152,12,0.42,5.04,2010-12-01 12:43:00,United Kingdom
536520,14729,GROW YOUR OWN BASIL IN ENAMEL MUG,22441,1,2.1,2.1,2010-12-01 12:43:00,United Kingdom
536520,14729,36 FOIL STAR CAKE CASES ,22955,2,2.1,4.2,2010-12-01 12:43:00,United Kingdom
536520,14729,36 FOIL HEART CAKE CASES,22956,2,2.1,4.2,2010-12-01 12:43:00,United Kingdom
536520,14729,PACK OF 6 SWEETIE GIFT BOXES,22582,2,2.55,5.1,2010-12-01 12:43:00,United Kingdom
536520,14729,PACK OF 6 HANDBAG GIFT BOXES,22583,3,2.55,7.6499999999999995,2010-12-01 12:43:00,United Kingdom
536520,14729,GARLAND WOODEN HAPPY EASTER,22241,2,1.25,2.5,2010-12-01 12:43:00,United Kingdom
536520,14729,CALENDAR PAPER CUT DESIGN,22904,3,2.95,8.850000000000001,2010-12-01 12:43:00,United Kingdom
536520,14729,CALENDAR IN SEASON DESIGN,22905,2,2.95,5.9,2010-12-01 12:43:00,United Kingdom
536520,14729,SMALL POPCORN HOLDER,22197,3,0.85,2.55,2010-12-01 12:43:00,United Kingdom
536520,14729,BLUE PAISLEY TISSUE BOX,22092,1,1.25,1.25,2010-12-01 12:43:00,United Kingdom
536520,14729,HEART OF WICKER SMALL,22469,1,1.65,1.65,2010-12-01 12:43:00,United Kingdom
536520,14729,SKULLS SQUARE TISSUE BOX,22100,1,1.25,1.25,2010-12-01 12:43:00,United Kingdom
536520,14729,PINK PAISLEY SQUARE TISSUE BOX ,22096,1,1.25,1.25,2010-12-01 12:43:00,United Kingdom
536520,14729,PACK OF 6 HANDBAG GIFT BOXES,22583,1,2.55,2.55,2010-12-01 12:43:00,United Kingdom
536520,14729,TOAST ITS - HAPPY BIRTHDAY,21358,2,1.25,2.5,2010-12-01 12:43:00,United Kingdom
536520,14729,SET/10 IVORY POLKADOT PARTY CANDLES,21123,1,1.25,1.25,2010-12-01 12:43:00,United Kingdom
